Date,High,Low,Open,Close,Volume,std,trend,ema_trend
2018-01-02,181.5800018310547,177.5500030517578,177.67999267578125,181.4199981689453,18151900,0.0,0.5,0.0
2018-01-03,184.77999877929688,181.3300018310547,181.8800048828125,184.6699981689453,16886600,0.0,1.0,0.0
2018-01-04,186.2100067138672,184.10000610351562,184.89999389648438,184.3300018310547,13880900,0.0,0.0,0.0
2018-01-05,186.89999389648438,184.92999267578125,185.58999633789062,186.85000610351562,13574500,0.0,1.0,0.0
2018-01-08,188.89999389648438,186.3300018310547,187.1999969482422,188.27999877929688,17994700,0.0,1.0,0.0
2018-01-09,188.8000030517578,187.10000610351562,188.6999969482422,187.8699951171875,12393100,0.0,0.0,0.0
2018-01-10,187.88999938964844,185.6300048828125,186.94000244140625,187.83999633789062,10529900,0.0,0.0,0.0
2018-01-11,188.39999389648438,187.3800048828125,188.39999389648438,187.77000427246094,9588600,0.0,0.0,0.0
2018-01-12,181.47999572753906,177.39999389648438,178.05999755859375,179.3699951171875,77551300,0.0,0.0,0.0
2018-01-16,181.75,178.0399932861328,181.5,178.38999938964844,36183800,3.7400111411134715,0.0,0.35
2018-01-17,179.32000732421875,175.8000030517578,179.25999450683594,177.60000610351562,27992400,4.267720867227777,0.5,0.35
2018-01-18,180.97999572753906,177.0800018310547,178.1300048828125,179.8000030517578,23304900,4.492378019965548,0.5,0.3
2018-01-19,182.3699951171875,180.1699981689453,180.85000610351562,181.2899932861328,26826500,4.555692567396552,0.5,0.35
2018-01-22,185.38999938964844,180.41000366210938,180.8000030517578,185.3699951171875,21059500,4.457977492585773,1.0,0.35
2018-01-23,189.5500030517578,185.5500030517578,186.0500030517578,189.35000610351562,25678800,4.599826643918795,1.0,0.35
2018-01-24,190.66000366210938,186.52000427246094,189.88999938964844,186.5500030517578,24334500,4.476663796440607,0.0,0.35
2018-01-25,188.6199951171875,186.60000610351562,187.9499969482422,187.47999572753906,17377700,4.437670389587772,0.5,0.4
2018-01-26,190.0,186.80999755859375,187.75,190.0,17759200,4.733584729465328,1.0,0.5
2018-01-29,188.83999633789062,185.6300048828125,188.75,185.97999572753906,20453200,4.547542085797901,0.0,0.5
2018-01-30,188.17999267578125,181.83999633789062,187.6199951171875,187.1199951171875,20858600,4.131208824317865,0.5,0.55
2018-01-31,189.8300018310547,185.22000122070312,188.3699951171875,186.88999938964844,43275100,3.210753820276412,0.5,0.55
2018-02-01,195.32000732421875,187.88999938964844,188.22000122070312,193.08999633789062,54211300,3.1162308085775154,1.0,0.6
2018-02-02,194.2100067138672,189.97999572753906,192.0399932861328,190.27999877929688,26677500,2.400474913680974,0.0,0.55
2018-02-05,190.61000061035156,180.61000061035156,186.92999267578125,181.25999450683594,33128200,3.16958574895857,0.0,0.45
2018-02-06,185.77000427246094,177.74000549316406,178.57000732421875,185.30999755859375,37758500,3.2073159145902155,1.0,0.45
2018-02-07,185.0800018310547,179.9499969482422,184.14999389648438,180.17999267578125,27601900,3.9423511837708505,0.0,0.45
2018-02-08,181.83999633789062,171.47999572753906,181.00999450683594,171.5800018310547,38478300,6.186726445447029,0.0,0.4
2018-02-09,176.89999389648438,167.17999267578125,174.75999450683594,176.11000061035156,39887600,6.531240137802221,1.0,0.4
2018-02-12,177.5500030517578,171.83999633789062,177.05999755859375,176.41000366210938,32092100,6.865632746394702,0.5,0.45
2018-02-13,175.97000122070312,173.10000610351562,175.6199951171875,173.14999389648438,21809400,7.3015900029138345,0.0,0.4
2018-02-14,179.80999755859375,173.2100067138672,173.4499969482422,179.52000427246094,28929700,7.056634121544262,1.0,0.45
2018-02-15,180.5,176.83999633789062,180.5,179.9600067138672,20922100,5.554495504063039,0.5,0.4
2018-02-16,179.8800048828125,176.3000030517578,178.99000549316406,177.36000061035156,20645300,4.02969805098726,0.0,0.4
2018-02-20,177.9499969482422,175.11000061035156,175.77000427246094,176.00999450683594,21204900,3.9101648341524573,0.5,0.45
2018-02-21,181.27000427246094,176.39999389648438,176.7100067138672,177.91000366210938,23200800,2.8318377484703174,0.5,0.4
2018-02-22,180.2100067138672,177.41000366210938,178.6999969482422,178.99000549316406,18464200,2.6966879277945437,0.5,0.45
2018-02-23,183.38999938964844,179.50999450683594,179.89999389648438,183.2899932861328,19007300,2.767877978938406,1.0,0.55
2018-02-26,185.66000366210938,183.22000122070312,184.5800018310547,184.92999267578125,17599700,3.462487183391361,1.0,0.55
2018-02-27,184.6999969482422,181.4600067138672,184.4499969482422,181.4600067138672,15849800,3.451044272173801,0.0,0.5
2018-02-28,182.8800048828125,178.13999938964844,182.3000030517578,178.32000732421875,18783000,2.750485715452137,0.0,0.5
2018-03-01,180.1199951171875,174.41000366210938,179.00999450683594,175.94000244140625,23201600,3.0082682006942987,0.0,0.4
2018-03-02,177.11000061035156,172.99000549316406,173.2899932861328,176.6199951171875,20025900,3.1244540741297038,0.5,0.4
2018-03-05,181.14999389648438,175.88999938964844,176.1999969482422,180.39999389648438,16189300,3.085836971777622,1.0,0.5
2018-03-06,182.3800048828125,179.11000061035156,181.77999877929688,179.77999877929688,15086800,2.848596160048406,0.5,0.5
2018-03-07,183.82000732421875,178.07000732421875,178.74000549316406,183.7100067138672,19097300,3.0147814455579303,1.0,0.55
2018-03-08,184.39999389648438,181.4499969482422,183.55999755859375,182.33999633789062,17225900,3.0336743257959355,0.0,0.5
2018-03-09,185.50999450683594,183.2100067138672,183.91000366210938,185.22999572753906,18526300,3.271875728835852,1.0,0.5
2018-03-12,186.10000610351562,184.22000122070312,185.22999572753906,184.75999450683594,15301200,3.248814890016387,0.5,0.45
2018-03-13,185.99000549316406,181.11000061035156,185.61000061035156,181.8800048828125,18067500,3.260185849420284,0.0,0.45
2018-03-14,184.25,181.85000610351562,182.60000610351562,184.19000244140625,16821700,3.2728658956973433,1.0,0.55
2018-03-15,184.0,182.19000244140625,183.24000549316406,183.86000061035156,15614300,2.68795394962347,0.5,0.6
2018-03-16,185.3300018310547,183.41000366210938,184.49000549316406,185.08999633789062,24403400,1.9368656987072768,0.5,0.6
2018-03-19,177.1699981689453,170.05999755859375,177.00999450683594,172.55999755859375,88140100,3.8267248452778384,0.0,0.5
2018-03-20,170.1999969482422,161.9499969482422,167.47000122070312,168.14999389648438,129851800,5.897940872191501,0.0,0.45
2018-03-21,173.39999389648438,163.3000030517578,164.8000030517578,169.38999938964844,106598800,6.872508249227576,0.5,0.4
2018-03-22,170.27000427246094,163.72000122070312,166.1300048828125,164.88999938964844,73743000,8.223064180219145,0.0,0.4
2018-03-23,166.60000610351562,159.02000427246094,165.44000244140625,159.38999938964844,53609700,9.637068048676856,0.0,0.3
2018-03-26,161.10000610351562,149.02000427246094,160.82000732421875,160.05999755859375,126116600,10.128865575386497,0.5,0.3
2018-03-27,162.85000610351562,150.75,156.30999755859375,152.22000122070312,79117000,11.475211013985437,0.0,0.3
2018-03-28,155.8800048828125,150.8000030517578,151.64999389648438,153.02999877929688,60029200,11.418347435596859,0.5,0.25
2018-03-29,161.4199981689453,154.13999938964844,155.14999389648438,159.7899932861328,59434300,9.869418850547744,1.0,0.3
2018-04-02,159.1999969482422,154.11000061035156,157.80999755859375,155.38999938964844,36796000,7.031118913448975,0.5,0.3
2018-04-03,157.38999938964844,150.80999755859375,156.5500030517578,156.11000061035156,42543900,6.0015760879365425,0.5,0.35
2018-04-04,155.55999755859375,150.50999450683594,152.02999877929688,155.10000610351562,49885600,5.381075074738919,0.5,0.4
2018-04-05,161.57000732421875,156.64999389648438,161.55999755859375,159.33999633789062,41449600,3.849396230554386,1.0,0.45
2018-04-06,161.4199981689453,156.80999755859375,157.72999572753906,157.1999969482422,41644800,2.8561261080995664,0.0,0.45
2018-04-09,160.52999877929688,156.0399932861328,157.82000732421875,157.92999267578125,34915200,2.741951621061439,0.5,0.5
2018-04-10,165.97999572753906,157.00999450683594,157.92999267578125,165.0399932861328,57889300,3.715990270540538,1.0,0.55
2018-04-11,168.64999389648438,163.25,165.36000061035156,166.32000732421875,56144600,4.283916212431179,0.5,0.6
2018-04-12,167.4499969482422,163.10000610351562,166.97999572753906,163.8699951171875,38263000,4.106781092073335,0.0,0.55
2018-04-13,165.6999969482422,163.77000427246094,164.5800018310547,164.52000427246094,19990600,4.392402283040522,0.5,0.5
2018-04-16,165.77999877929688,163.38999938964844,165.72000122070312,164.8300018310547,18119400,4.285065569001658,0.5,0.5
2018-04-17,169.0,165.66000366210938,165.8300018310547,168.66000366210938,22743000,4.51684256013962,1.0,0.55
2018-04-18,168.1199951171875,165.77000427246094,166.8800048828125,166.36000061035156,20969600,3.8874389016184163,0.0,0.5
2018-04-19,168.3300018310547,165.1999969482422,166.1999969482422,168.10000610351562,22235000,3.8560148572841753,0.5,0.45
2018-04-20,168.42999267578125,165.80999755859375,167.7899932861328,166.27999877929688,19119400,2.970111865818382,0.0,0.45
2018-04-23,168.4499969482422,165.08999633789062,167.27000427246094,165.83999633789062,23088100,1.5215572343488502,0.5,0.45
2018-04-24,166.10000610351562,158.19000244140625,165.42999267578125,159.69000244140625,35079900,2.50944553455337,0.0,0.35
2018-04-25,161.05999755859375,156.19000244140625,160.13999938964844,159.69000244140625,41083600,3.0670481012192905,0.5,0.35
2018-04-26,176.27000427246094,170.8000030517578,173.22000122070312,174.16000366210938,77556900,4.231451613169777,1.0,0.45
2018-04-27,177.10000610351562,172.60000610351562,176.80999755859375,173.58999633789062,29804700,4.850314614491781,0.5,0.45
2018-04-30,175.72000122070312,171.7100067138672,173.7899932861328,172.0,20750500,5.065080549740203,0.5,0.45
2018-05-01,174.02000427246094,170.22999572753906,172.0,173.86000061035156,26025900,5.4563984870371245,0.5,0.4
2018-05-02,178.0800018310547,174.1999969482422,174.25,176.07000732421875,30424500,5.9795262128772935,0.5,0.45
2018-05-03,176.1199951171875,172.1199951171875,175.1300048828125,174.02000427246094,24026100,6.178195374229921,0.5,0.45
2018-05-04,176.97999572753906,173.05999755859375,173.0800018310547,176.61000061035156,17677800,6.4345462110681195,0.5,0.5
2018-05-07,179.5,177.1699981689453,177.35000610351562,177.97000122070312,18697200,6.5888477509608565,0.5,0.5
2018-05-08,179.0399932861328,177.11000061035156,178.25,178.9199981689453,15577200,5.365391759501186,0.5,0.55
2018-05-09,183.00999450683594,178.77999877929688,179.6699981689453,182.66000366210938,23282800,3.176855009343829,1.0,0.6
2018-05-10,186.1300048828125,182.5,183.14999389648438,185.52999877929688,21071400,4.290268119617658,1.0,0.6
2018-05-11,188.32000732421875,184.17999267578125,184.85000610351562,186.99000549316406,21207800,5.083494351438868,0.5,0.6
2018-05-14,187.86000061035156,186.1999969482422,187.7100067138672,186.63999938964844,15646700,5.123336220133749,0.5,0.6
2018-05-15,185.2899932861328,183.1999969482422,184.8800048828125,184.32000732421875,15429400,4.804927830104762,0.0,0.55
2018-05-16,184.32000732421875,182.66000366210938,183.6999969482422,183.1999969482422,16975500,4.516912031121375,0.5,0.55
2018-05-17,184.05999755859375,182.22000122070312,182.67999267578125,183.75999450683594,14840700,3.646453977681026,0.5,0.55
2018-05-18,184.19000244140625,182.61000061035156,183.49000549316406,182.67999267578125,13130500,2.9699057002866036,0.5,0.55
2018-05-21,185.3000030517578,183.1300048828125,183.77000427246094,184.49000549316406,13532900,2.3230622032662067,1.0,0.6
2018-05-22,185.4199981689453,183.42999267578125,184.92999267578125,183.8000030517578,12731400,1.5352254926867228,0.5,0.6
2018-05-23,186.91000366210938,182.17999267578125,182.5,186.89999389648438,16628100,1.5838602721122312,1.0,0.6
2018-05-24,186.8000030517578,185.02999877929688,185.8800048828125,185.92999267578125,12354700,1.608336150109043,0.0,0.5
2018-05-25,186.3300018310547,184.4499969482422,186.02000427246094,184.9199981689453,10965100,1.428457852074778,0.0,0.45
2018-05-29,186.80999755859375,183.7100067138672,184.33999633789062,185.74000549316406,16398900,1.3138847823669169,1.0,0.5
2018-05-30,188.0,185.25,186.5399932861328,187.6699981689453,13736900,1.6307835216973248,1.0,0.6
2018-05-31,192.72000122070312,187.47999572753906,187.8699951171875,191.77999877929688,30782600,2.600500297423876,1.0,0.65
2018-06-01,194.5500030517578,192.07000732421875,193.07000732421875,193.99000549316406,17307200,3.5588369971561695,1.0,0.7
2018-06-04,193.97999572753906,191.47000122070312,191.83999633789062,193.27999877929688,18939800,3.7709387410842936,0.5,0.7
2018-06-05,195.0,192.6199951171875,194.3000030517578,192.94000244140625,15544300,3.879549341326992,0.5,0.65
2018-06-06,192.52999877929688,189.11000061035156,191.02999877929688,191.33999633789062,22558900,3.540370242045061,0.5,0.65
2018-06-07,190.97000122070312,186.77000427246094,190.75,188.17999267578125,21503200,3.4602039654474144,0.0,0.55
2018-06-08,189.47999572753906,186.42999267578125,187.52999877929688,189.10000610351562,12677100,3.2262649982262754,0.5,0.6
2018-06-11,192.60000610351562,188.8000030517578,188.80999755859375,191.5399932861328,12928900,2.733846201154459,1.0,0.7
2018-06-12,193.27999877929688,191.55999755859375,192.1699981689453,192.39999389648438,11562700,2.1867328385111766,0.5,0.65
2018-06-13,194.5,191.91000366210938,192.74000549316406,192.41000366210938,15853800,1.8130418992883375,0.5,0.6
2018-06-14,197.27999877929688,192.91000366210938,193.10000610351562,196.80999755859375,19120900,2.4312759205306853,1.0,0.6
2018-06-15,197.07000732421875,194.63999938964844,195.7899932861328,195.85000610351562,21860900,2.6452496566255483,0.5,0.55
2018-06-18,199.5800018310547,194.1300048828125,194.8000030517578,198.30999755859375,16826000,3.2446640881697673,1.0,0.6
2018-06-19,197.9600067138672,193.7899932861328,196.24000549316406,197.49000549316406,19994000,3.5567793230482363,0.5,0.6
2018-06-20,203.5500030517578,198.80999755859375,199.10000610351562,202.0,28230900,4.389687226430305,1.0,0.65
2018-06-21,203.38999938964844,200.08999633789062,202.75999450683594,201.5,19045700,4.309726525378221,0.5,0.7
2018-06-22,202.24000549316406,199.30999755859375,201.16000366210938,201.74000549316406,17420200,3.9870900523643362,0.5,0.7
2018-06-25,200.0,193.11000061035156,200.0,196.35000610351562,25275100,3.5169601319359822,0.0,0.6
2018-06-26,199.10000610351562,196.22999572753906,197.60000610351562,199.0,17897600,3.0439336034099873,1.0,0.65
2018-06-27,200.75,195.8000030517578,199.17999267578125,195.83999633789062,18734400,2.4637208736715066,0.0,0.6
2018-06-28,197.33999633789062,193.25999450683594,195.17999267578125,196.22999572753906,18172400,2.5139543326943063,0.5,0.55
2018-06-29,197.60000610351562,193.9600067138672,197.32000732421875,194.32000732421875,15811600,2.7260949495190787,0.0,0.5
2018-07-02,197.4499969482422,192.22000122070312,193.3699951171875,197.36000061035156,13961600,2.7413661506393456,1.0,0.5
2018-07-03,195.39999389648438,192.52000427246094,194.5500030517578,192.72999572753906,13489500,3.2425137115874474,0.0,0.45
2018-07-05,198.64999389648438,194.02999877929688,194.74000549316406,198.4499969482422,19684200,2.8961085965489324,1.0,0.45
2018-07-06,203.63999938964844,197.6999969482422,198.4499969482422,203.22999572753906,19740100,3.2064630011554764,1.0,0.5
2018-07-09,205.8000030517578,202.1199951171875,204.92999267578125,204.74000549316406,18149400,3.74050914179986,0.5,0.5
2018-07-10,204.91000366210938,202.25999450683594,204.5,203.5399932861328,13190100,4.0993038359681835,0.5,0.55
2018-07-11,204.5,201.75,202.22000122070312,202.5399932861328,12927400,4.291406239699324,0.5,0.5
2018-07-12,207.0800018310547,203.19000244140625,203.42999267578125,206.9199981689453,15454700,4.812829787556252,1.0,0.6
2018-07-13,208.42999267578125,206.4499969482422,207.80999755859375,207.32000732421875,11486800,5.114333599324388,0.5,0.6
2018-07-16,208.72000122070312,206.83999633789062,207.5,207.22999572753906,11078200,4.830023653868704,0.5,0.65
2018-07-17,210.4600067138672,204.83999633789062,204.89999389648438,209.99000549316406,15349900,5.011825220073836,1.0,0.65
2018-07-18,210.99000549316406,208.44000244140625,209.82000732421875,209.36000061035156,15334900,3.514028049492894,0.5,0.7
2018-07-19,209.99000549316406,207.75999450683594,208.77000427246094,208.08999633789062,11350400,2.6265137955435853,0.5,0.65
2018-07-20,211.5,208.5,208.85000610351562,209.94000244140625,16163900,2.613280962807195,1.0,0.65
2018-07-23,211.6199951171875,208.8000030517578,210.5800018310547,210.91000366210938,16732000,2.753664717348016,0.5,0.65
2018-07-24,216.1999969482422,212.60000610351562,215.11000061035156,214.6699981689453,28468700,3.1572440762178373,1.0,0.7
2018-07-25,218.6199951171875,214.27000427246094,215.72000122070312,217.5,58954200,3.44669898431762,1.0,0.75
2018-07-26,180.1300048828125,173.75,174.88999938964844,176.25999450683594,169803700,11.321809788624883,0.0,0.65
2018-07-27,179.92999267578125,173.0,179.8699951171875,174.88999938964844,60073700,15.230330976123447,0.5,0.65
2018-07-30,175.3000030517578,166.55999755859375,175.3000030517578,171.05999755859375,65280800,18.32745172442233,0.5,0.65
2018-07-31,174.24000549316406,170.0,170.6699981689453,172.5800018310547,40356500,19.87500261659385,0.5,0.6
2018-08-01,175.0800018310547,170.89999389648438,173.92999267578125,171.64999389648438,34042100,20.72851274885961,0.5,0.6
2018-08-02,176.7899932861328,170.27000427246094,170.67999267578125,176.3699951171875,32400000,20.54732076115966,0.5,0.6
2018-08-03,178.85000610351562,176.14999389648438,177.69000244140625,177.77999877929688,24763400,19.497031493858138,0.5,0.55
2018-08-06,185.7899932861328,178.3800048828125,178.97000122070312,185.69000244140625,49716200,17.498261812820452,0.5,0.55
2018-08-07,188.3000030517578,183.72000122070312,186.5,183.80999755859375,33398600,13.785214037373272,0.5,0.5
2018-08-08,186.85000610351562,183.75999450683594,184.75,185.17999267578125,22205200,5.532478047318876,0.5,0.45
2018-08-09,186.57000732421875,182.47999572753906,185.85000610351562,183.08999633789062,19732100,5.774961171412331,0.5,0.5
2018-08-10,182.10000610351562,179.4199981689453,182.0399932861328,180.25999450683594,21500400,5.680845043477437,0.0,0.45
2018-08-13,182.61000061035156,178.89999389648438,180.10000610351562,180.0500030517578,17423300,4.999709401442172,0.5,0.45
2018-08-14,181.99000549316406,178.6199951171875,180.7100067138672,181.11000061035156,19102000,4.3450197192371425,0.5,0.45
2018-08-15,180.8699951171875,174.77999877929688,179.33999633789062,179.52999877929688,33020200,3.097264264796847,0.5,0.45
2018-08-16,180.5,174.00999450683594,180.4199981689453,174.6999969482422,31351800,3.420042062841359,0.0,0.4
2018-08-17,176.22000122070312,172.0399932861328,174.5,173.8000030517578,24893200,4.029238767339899,0.5,0.4
2018-08-20,174.57000732421875,170.91000366210938,174.0399932861328,172.5,21518000,4.36699067077077,0.5,0.4
2018-08-21,174.1699981689453,171.38999938964844,172.80999755859375,172.6199951171875,19578500,4.542409334767193,0.5,0.4
2018-08-22,174.24000549316406,172.1300048828125,172.2100067138672,173.63999938964844,16894100,4.033142992642808,0.5,0.4
2018-08-23,175.5500030517578,172.8300018310547,173.08999633789062,172.89999389648438,18053600,3.6268127578805216,0.5,0.4
2018-08-24,174.82000732421875,172.9199981689453,173.6999969482422,174.64999389648438,14631600,3.3359505279258275,0.5,0.45
2018-08-27,178.6699981689453,175.7899932861328,175.99000549316406,177.4600067138672,17921900,3.0346952161998426,1.0,0.5
2018-08-28,178.24000549316406,175.8300018310547,178.10000610351562,176.25999450683594,15910700,2.3000070188017503,0.5,0.5
2018-08-29,176.7899932861328,174.75,176.3000030517578,175.89999389648438,18494100,1.6724314422852815,0.5,0.5
2018-08-30,179.7899932861328,175.6999969482422,175.89999389648438,177.63999938964844,24216500,1.9568583628861822,1.0,0.6
2018-08-31,177.6199951171875,174.97999572753906,177.14999389648438,175.72999572753906,18065200,1.9493374859521853,0.0,0.55
2018-09-04,173.88999938964844,168.8000030517578,173.5,171.16000366210938,29809000,2.1686569247547025,0.0,0.5
2018-09-05,171.1300048828125,166.6699981689453,169.49000549316406,167.17999267578125,31226700,3.208267747786955,0.0,0.45
2018-09-06,166.97999572753906,160.0,166.97999572753906,162.52999877929688,41514800,4.913974807420294,0.0,0.4
2018-09-07,164.6300048828125,160.16000366210938,160.30999755859375,163.0399932861328,24300600,5.8649104776791,0.5,0.4
2018-09-10,165.00999450683594,162.16000366210938,163.50999450683594,164.17999267578125,20197700,6.289216268158046,0.5,0.4
2018-09-11,167.19000244140625,163.72000122070312,163.94000244140625,165.94000244140625,20457100,6.04682896643694,0.5,0.35
2018-09-12,164.49000549316406,161.8000030517578,163.25,162.0,24078100,6.07636601806418,0.0,0.3
2018-09-13,163.32000732421875,160.86000061035156,162.0,161.36000061035156,25453800,5.852358278089116,0.5,0.3
2018-09-14,162.83999633789062,160.33999633789062,161.72000122070312,162.32000732421875,21770400,4.664308698227248,0.5,0.25
2018-09-17,162.05999755859375,159.77000427246094,161.9199981689453,160.5800018310547,21005300,3.2272533765498457,0.5,0.3
2018-09-18,161.75999450683594,158.8699951171875,159.38999938964844,160.3000030517578,22465200,2.2359861933297687,0.5,0.35
2018-09-19,163.44000244140625,159.47999572753906,160.0800018310547,163.05999755859375,19629000,1.67865183317619,1.0,0.45
2018-09-20,166.4499969482422,164.47000122070312,164.5,166.02000427246094,18936000,2.00875819776829,1.0,0.55
2018-09-21,167.25,162.80999755859375,166.63999938964844,162.92999267578125,45994800,2.008085792314198,0.0,0.5
2018-09-24,165.6999969482422,160.8800048828125,161.02999877929688,165.41000366210938,19222800,2.1312067905116865,1.0,0.55
2018-09-25,165.58999633789062,161.14999389648438,161.99000549316406,164.91000366210938,27622800,1.9933309399709938,0.5,0.55
2018-09-26,169.3000030517578,164.2100067138672,164.3000030517578,166.9499969482422,25252200,2.33360540935498,1.0,0.65
2018-09-27,171.77000427246094,167.2100067138672,167.5500030517578,168.83999633789062,27266900,2.7706336902892303,1.0,0.7
2018-09-28,168.7899932861328,162.55999755859375,168.3300018310547,164.4600067138672,34265600,2.6967883673735944,0.0,0.65
2018-10-01,165.8800048828125,161.25999450683594,163.02999877929688,162.44000244140625,26407700,2.4621158300640795,0.0,0.6
2018-10-02,162.27999877929688,158.6699981689453,161.5800018310547,159.3300018310547,36031000,2.6586343029151105,0.0,0.55
2018-10-03,163.66000366210938,159.52999877929688,160.0,162.42999267578125,23109500,2.7019490911365405,1.0,0.55
2018-10-04,161.4600067138672,157.35000610351562,161.4600067138672,158.85000610351562,25739600,3.132985315900347,0.0,0.45
2018-10-05,160.89999389648438,156.1999969482422,159.2100067138672,157.3300018310547,25744000,3.722071597551222,0.0,0.45
2018-10-08,158.33999633789062,154.38999938964844,155.5399932861328,157.25,24046000,4.039122426487924,0.5,0.4
2018-10-09,160.58999633789062,157.4199981689453,157.69000244140625,157.89999389648438,18844400,4.138841655699706,0.5,0.4
2018-10-10,157.69000244140625,151.30999755859375,156.82000732421875,151.3800048828125,30610000,4.77340289013372,0.0,0.3
2018-10-11,154.80999755859375,149.16000366210938,150.1300048828125,153.35000610351562,35338900,4.052459891863791,0.5,0.25
2018-10-12,156.88999938964844,151.3000030517578,156.72999572753906,153.74000549316406,25293500,3.694524791254364,0.5,0.3
2018-10-15,155.57000732421875,152.5500030517578,153.32000732421875,153.52000427246094,15433500,3.408188727549425,0.5,0.35
2018-10-16,159.4600067138672,155.00999450683594,155.39999389648438,158.77999877929688,19180100,3.3617090442908855,1.0,0.45
2018-10-17,160.49000549316406,157.9499969482422,159.55999755859375,159.4199981689453,17592000,2.865162933745476,0.5,0.4
2018-10-18,158.66000366210938,153.27999877929688,158.50999450683594,154.9199981689453,21675100,2.719814912499884,0.0,0.4
2018-10-19,157.35000610351562,153.5500030517578,155.86000061035156,154.0500030517578,19761300,2.7070551988879257,0.5,0.45
2018-10-22,157.33999633789062,154.4600067138672,154.75999450683594,154.77999877929688,15424700,2.634351869827133,0.5,0.45
2018-10-23,154.77000427246094,150.85000610351562,151.22000122070312,154.38999938964844,19095000,2.4603546286191427,0.5,0.45
2018-10-24,154.64999389648438,145.60000610351562,154.27999877929688,146.0399932861328,27744600,3.605895508201775,0.0,0.45
2018-10-25,152.2100067138672,147.0,147.72999572753906,150.9499969482422,22105700,3.752948056186936,1.0,0.5
2018-10-26,149.0,143.8000030517578,145.82000732421875,145.3699951171875,31303300,4.656571305040158,0.0,0.45
2018-10-29,148.8300018310547,139.02999877929688,148.5,142.08999633789062,31336800,5.830199783384623,0.0,0.4
2018-10-30,146.63999938964844,139.74000549316406,139.94000244140625,146.22000122070312,50528300,5.573450343875159,1.0,0.4
2018-10-31,156.39999389648438,148.9600067138672,155.0,151.7899932861328,60101300,4.723171131812426,1.0,0.45
2018-11-01,152.75,149.35000610351562,151.52000427246094,151.75,25640800,4.4597798070172185,0.5,0.5
2018-11-02,154.1300048828125,148.9600067138672,151.8000030517578,150.35000610351562,24708700,4.209194829476817,0.5,0.5
2018-11-05,150.19000244140625,147.44000244140625,150.10000610351562,148.67999267578125,15971200,3.756172432589554,0.5,0.5
2018-11-06,150.97000122070312,148.0,149.30999755859375,149.94000244140625,16667100,3.244164412315722,0.5,0.5
2018-11-07,153.00999450683594,149.8300018310547,151.57000732421875,151.52999877929688,21877400,3.280160140766714,0.5,0.55
2018-11-08,150.94000244140625,146.74000549316406,150.49000549316406,147.8699951171875,24145800,3.206617216118335,0.0,0.45
2018-11-09,147.75999450683594,144.07000732421875,146.75,144.9600067138672,17326900,3.2541893625641345,0.0,0.45
2018-11-12,145.0399932861328,140.49000549316406,144.47999572753906,141.5500030517578,18542100,3.3749456948970695,0.0,0.45
2018-11-13,144.8800048828125,141.6199951171875,142.0,142.16000366210938,15141700,3.8811339520673234,0.5,0.4
2018-11-14,145.5800018310547,141.5500030517578,143.6999969482422,144.22000122070312,22068400,3.8099401032372513,0.5,0.35
2018-11-15,144.83999633789062,140.8300018310547,142.3300018310547,143.85000610351562,30320300,3.5980793527643042,0.5,0.35
2018-11-16,141.77000427246094,137.77000427246094,141.07000732421875,139.52999877929688,37250600,3.927181119821717,0.0,0.3
2018-11-19,137.75,131.2100067138672,137.61000061035156,131.5500030517578,44362700,5.691306642251862,0.0,0.25
2018-11-20,134.16000366210938,126.8499984741211,127.02999877929688,132.42999267578125,41939500,6.231590831835507,0.5,0.25
2018-11-21,137.19000244140625,134.1300048828125,134.39999389648438,134.82000732421875,25469700,5.589015879401271,0.5,0.25
2018-11-23,134.5,131.25999450683594,133.64999389648438,131.72999572753906,11886100,5.487667514743318,0.0,0.25
2018-11-26,137.0,132.77999877929688,133.0,136.3800048828125,24263600,5.049976174454333,1.0,0.35
2018-11-27,136.61000061035156,133.7100067138672,135.75,135.0,20750300,4.936212888208421,0.5,0.4
2018-11-28,136.7899932861328,131.85000610351562,136.27999877929688,136.75999450683594,29847500,4.614173232977535,0.5,0.4
2018-11-29,139.99000549316406,135.66000366210938,135.9199981689453,138.67999267578125,24238700,3.8745221679677795,0.5,0.4
2018-11-30,140.97000122070312,137.36000061035156,138.25999450683594,140.61000061035156,25732600,3.2345372766568206,0.5,0.4
2018-12-03,143.67999267578125,140.75999450683594,143.0,141.08999633789062,24819200,3.4664585909934003,0.5,0.45
2018-12-04,143.38999938964844,137.16000366210938,140.72999572753906,137.92999267578125,30307400,3.1483893977943986,0.0,0.45
2018-12-06,139.6999969482422,133.6699981689453,133.82000732421875,139.6300048828125,28218100,2.9181422370362484,0.5,0.45
2018-12-07,140.8699951171875,136.66000366210938,139.25,137.4199981689453,21195500,2.789273748716837,0.0,0.4
2018-12-10,143.0500030517578,139.00999450683594,139.60000610351562,141.85000610351562,26422200,2.2346536956897896,1.0,0.5
2018-12-11,143.8800048828125,141.10000610351562,143.8800048828125,142.0800018310547,20300300,2.347981217983458,0.5,0.45
2018-12-12,147.19000244140625,142.50999450683594,143.0800018310547,144.5,23696900,2.4232018623985416,1.0,0.5
2018-12-13,145.85000610351562,143.19000244140625,145.57000732421875,145.00999450683594,18148600,2.5762989150627007,0.5,0.5
2018-12-14,146.00999450683594,142.50999450683594,143.33999633789062,144.05999755859375,21785800,2.6270762164787205,0.5,0.5
2018-12-17,144.9199981689453,138.4199981689453,143.0800018310547,140.19000244140625,24334000,2.644727239738007,0.0,0.45
2018-12-18,145.92999267578125,139.8300018310547,141.0800018310547,143.66000366210938,24709100,2.7371035633014835,1.0,0.5
2018-12-19,144.91000366210938,132.5,141.2100067138672,133.24000549316406,57404900,3.681124836165555,0.0,0.5
2018-12-20,135.57000732421875,130.0,130.6999969482422,133.39999389648438,40297900,4.422185041278885,0.5,0.5
2018-12-21,134.89999389648438,123.41999816894531,133.38999938964844,124.94999694824219,56901500,6.614715284652533,0.0,0.5
2018-12-24,129.74000549316406,123.0199966430664,123.0999984741211,124.05999755859375,22066000,8.080727113463643,0.5,0.45
2018-12-26,134.24000549316406,125.88999938964844,126.0,134.17999267578125,39723400,7.970259748775474,1.0,0.5
2018-12-27,134.99000549316406,129.6699981689453,132.44000244140625,134.52000427246094,31202500,7.49945689438259,0.5,0.45
2018-12-28,135.9199981689453,132.1999969482422,135.33999633789062,133.1999969482422,22627600,6.769546272526301,0.5,0.45
2018-12-31,134.63999938964844,129.9499969482422,134.4499969482422,131.08999633789062,24625300,5.9352666050615355,0.5,0.45
2019-01-02,137.50999450683594,128.55999755859375,128.99000549316406,135.67999267578125,28146200,5.504994600252753,1.0,0.55
2019-01-03,137.1699981689453,131.1199951171875,134.69000244140625,131.74000549316406,22717900,3.9675382314599776,0.0,0.45
2019-01-04,138.0,133.75,134.00999450683594,137.9499969482422,29002100,4.435089559578587,1.0,0.55
2019-01-07,138.8699951171875,135.91000366210938,137.55999755859375,138.0500030517578,20089300,4.816573160719989,0.5,0.55
2019-01-08,143.13999938964844,139.5399932861328,139.88999938964844,142.52999877929688,26263800,4.944249364894683,1.0,0.65
2019-01-09,144.6999969482422,141.27000427246094,142.9499969482422,144.22999572753906,22205900,4.385262694902219,0.5,0.65
2019-01-10,144.55999755859375,140.83999633789062,143.0800018310547,144.1999969482422,16125000,4.950977304173683,0.5,0.6
2019-01-11,145.36000061035156,142.57000732421875,143.14999389648438,143.8000030517578,12908000,5.229901166760872,0.5,0.6
2019-01-14,146.57000732421875,141.27000427246094,142.0,145.38999938964844,20520300,5.342257270267719,0.5,0.6
2019-01-15,150.67999267578125,145.99000549316406,146.00999450683594,148.9499969482422,24069000,5.2148106888544365,1.0,0.65
2019-01-16,149.64999389648438,147.0,149.0,147.5399932861328,18025700,5.155082855702643,0.5,0.6
2019-01-17,149.0,146.5,146.9499969482422,148.3000030517578,15787900,3.8248687559781764,0.5,0.65
2019-01-18,152.42999267578125,148.5500030517578,149.75,150.0399932861328,31029600,3.5692495555827324,0.5,0.6
2019-01-22,151.52999877929688,146.3699951171875,149.1999969482422,147.57000732421875,22378700,2.541351832507348,0.0,0.55
2019-01-23,148.8000030517578,143.05999755859375,148.27999877929688,144.3000030517578,20098400,2.3036037953012904,0.0,0.45
2019-01-24,146.44000244140625,142.52000427246094,144.63999938964844,145.8300018310547,20955500,2.1862421736587945,1.0,0.5
2019-01-25,149.8300018310547,146.5399932861328,147.47999572753906,149.00999450683594,22237200,2.129901054627607,1.0,0.55
2019-01-28,148.9600067138672,146.2100067138672,148.0500030517578,147.47000122070312,15508500,1.792779404802288,0.0,0.5
2019-01-29,148.10000610351562,143.42999267578125,148.08999633789062,144.19000244140625,17632100,1.9760370791773532,0.0,0.45
2019-01-30,150.9499969482422,145.6999969482422,146.22000122070312,150.4199981689453,44613200,2.157146056433253,1.0,0.45
2019-01-31,171.67999267578125,165.0,165.60000610351562,166.69000244140625,77233600,6.452611260996025,1.0,0.5
2019-02-01,169.10000610351562,165.66000366210938,165.83999633789062,165.7100067138672,30806500,8.231700015910562,0.5,0.5
2019-02-04,169.3000030517578,163.6199951171875,165.6999969482422,169.25,20036000,10.002003764918667,0.5,0.5
2019-02-05,171.97999572753906,168.69000244140625,169.14999389648438,171.16000366210938,22557000,11.269116254714321,0.5,0.55
2019-02-06,172.47000122070312,169.27000427246094,171.1999969482422,170.49000549316406,13281200,11.444000503218064,0.5,0.6
2019-02-07,169.24000549316406,165.25,168.1999969482422,166.3800048828125,17517600,10.840599735638865,0.5,0.55
2019-02-08,167.3699951171875,164.2100067138672,164.47000122070312,167.3300018310547,12561400,10.296884697335987,0.5,0.5
2019-02-11,168.3000030517578,165.0800018310547,167.89999389648438,165.7899932861328,12811200,8.989176356067976,0.5,0.55
2019-02-12,168.33999633789062,164.5,166.86000061035156,165.0399932861328,16292300,5.80441605200608,0.5,0.6
2019-02-13,166.22000122070312,163.72999572753906,165.3800048828125,164.07000732421875,14205100,2.3647299011357696,0.5,0.55
2019-02-14,164.8699951171875,162.25,163.19000244140625,163.9499969482422,12755200,2.578325837828644,0.5,0.5
2019-02-15,164.6999969482422,160.86000061035156,164.50999450683594,162.5,15504400,2.9221857810679164,0.0,0.45
2019-02-19,164.14999389648438,160.3300018310547,160.5,162.2899932861328,14345400,3.046060214469271,0.5,0.45
2019-02-20,163.72000122070312,161.25,162.25,162.55999755859375,11770700,2.573331449841665,0.5,0.45
2019-02-21,162.24000549316406,159.58999633789062,161.92999267578125,160.0399932861328,15607800,2.2104683201837294,0.0,0.4
2019-02-22,162.41000366210938,160.30999755859375,160.5800018310547,161.88999938964844,15858500,2.126611275496195,1.0,0.45
2019-02-25,166.07000732421875,162.89999389648438,163.07000732421875,164.6199951171875,18737100,1.7257091543079843,1.0,0.5
2019-02-26,166.24000549316406,163.8000030517578,164.33999633789062,164.1300048828125,13784100,1.5250837720532098,0.5,0.5
2019-02-27,163.92999267578125,160.41000366210938,162.89999389648438,162.80999755859375,12697500,1.3661094580233766,0.0,0.45
2019-02-28,163.5,160.86000061035156,162.3699951171875,161.4499969482422,11114200,1.3650426843032362,0.0,0.4
2019-03-01,163.1300048828125,161.69000244140625,162.60000610351562,162.27999877929688,11097800,1.2845771010229343,1.0,0.45
2019-03-04,167.5,163.8300018310547,163.89999389648438,167.3699951171875,18894700,2.0170179948496947,1.0,0.55
2019-03-05,171.8800048828125,166.5500030517578,167.3699951171875,171.25999450683594,28187900,3.2879789867973406,1.0,0.6
2019-03-06,173.57000732421875,171.27000427246094,172.89999389648438,172.50999450683594,21531700,4.228311462019576,0.5,0.6
2019-03-07,171.74000549316406,167.61000061035156,171.5,169.1300048828125,18306500,4.056292521796016,0.0,0.6
2019-03-08,169.6199951171875,165.97000122070312,166.1999969482422,169.60000610351562,13184800,3.97404400014557,0.5,0.55
2019-03-11,174.3000030517578,171.5800018310547,171.60000610351562,172.07000732421875,18884000,4.266655512592889,1.0,0.55
2019-03-12,173.8000030517578,171.22000122070312,172.08999633789062,171.9199981689453,12155300,4.341964179082389,0.5,0.55
2019-03-13,174.02999877929688,172.1199951171875,172.32000732421875,173.3699951171875,11973300,4.210812231636691,0.5,0.6
2019-03-14,171.14999389648438,168.16000366210938,169.75999450683594,170.1699981689453,18037400,3.2432277993066365,0.0,0.6
2019-03-15,167.5800018310547,162.50999450683594,167.16000366210938,165.97999572753906,37135400,2.359297494538239,0.0,0.5
2019-03-18,163.89999389648438,159.27999877929688,163.57000732421875,160.47000122070312,37524200,3.857228467255099,0.0,0.4
2019-03-19,163.82000732421875,160.82000732421875,161.47999572753906,161.57000732421875,25611500,4.560333186869712,0.5,0.35
2019-03-20,166.1199951171875,161.24000549316406,161.5,165.44000244140625,20211500,4.447044818410169,1.0,0.4
2019-03-21,166.38999938964844,163.75,164.88999938964844,166.0800018310547,16223000,4.463360822745077,0.5,0.45
2019-03-22,167.4199981689453,164.08999633789062,165.64999389648438,164.33999633789062,16389200,4.5198327541594905,0.5,0.45
2019-03-25,166.5399932861328,162.0,163.0,166.2899932861328,12631200,4.175966160467982,0.5,0.4
2019-03-26,169.4499969482422,166.35000610351562,167.35000610351562,167.67999267578125,15437900,3.7668246303010386,0.5,0.4
2019-03-27,168.94000244140625,164.7899932861328,167.85000610351562,165.8699951171875,10620300,2.786091639185612,0.0,0.35
2019-03-28,166.72000122070312,163.3300018310547,164.57000732421875,165.5500030517578,10443000,2.2334399958937925,0.5,0.4
2019-03-29,167.19000244140625,164.80999755859375,166.38999938964844,166.69000244140625,13455500,2.281404444396554,0.5,0.45
2019-04-01,168.89999389648438,167.27999877929688,167.8300018310547,168.6999969482422,10381500,1.9227292140377352,1.0,0.55
2019-04-02,174.89999389648438,169.5500030517578,170.13999938964844,174.1999969482422,23946500,2.778028829501923,1.0,0.6
2019-04-03,177.9600067138672,172.9499969482422,174.5,173.5399932861328,27391100,3.364407896052431,0.5,0.55
2019-04-04,178.0,175.52999877929688,176.02000427246094,176.02000427246094,17847700,4.1464068978149005,1.0,0.6
2019-04-05,177.0,175.10000610351562,176.8800048828125,175.72000122070312,9594100,4.317608932690245,0.5,0.6
2019-04-08,175.5,174.22999572753906,175.2100067138672,174.92999267578125,7297400,4.351273082838766,0.5,0.6
2019-04-09,179.19000244140625,175.5500030517578,175.6199951171875,177.5800018310547,19751000,4.655381576685254,1.0,0.65
2019-04-10,178.7899932861328,176.5399932861328,178.17999267578125,177.82000732421875,11701500,4.471346763823846,0.5,0.7
2019-04-11,178.39999389648438,177.0,178.24000549316406,177.50999450683594,8071000,3.7811805120928796,0.5,0.7
2019-04-12,179.6300048828125,177.9499969482422,178.0,179.10000610351562,12329800,2.965035369262743,0.5,0.7
2019-04-15,180.5,176.8699951171875,178.5,179.64999389648438,10834800,2.0508071027904293,0.5,0.65
2019-04-16,180.1699981689453,178.3000030517578,179.0,178.8699951171875,11215200,1.9719953314694239,0.5,0.6
2019-04-17,180.74000549316406,178.36000061035156,179.60000610351562,178.77999877929688,9973700,1.5872535029934922,0.5,0.6
2019-04-18,178.8800048828125,177.33999633789062,178.8000030517578,178.27999877929688,11655600,1.4958705892397335,0.5,0.55
2019-04-22,181.6699981689453,178.25,178.25,181.44000244140625,13389900,1.6837620558386612,1.0,0.6
2019-04-23,184.22000122070312,181.47999572753906,182.74000549316406,183.77999877929688,19954800,1.9623535288968974,1.0,0.65
2019-04-24,185.13999938964844,181.64999389648438,184.49000549316406,182.5800018310547,37289900,2.112068577993318,0.0,0.55
2019-04-25,198.47999572753906,192.1199951171875,196.97999572753906,193.25999450683594,54148800,4.644542686055027,1.0,0.6
2019-04-26,192.89999389648438,189.08999633789062,192.5,191.49000549316406,22075000,5.4096111235496815,0.5,0.6
2019-04-29,195.41000366210938,190.64999389648438,190.9499969482422,194.77999877929688,19641300,6.420747306189623,1.0,0.65
2019-04-30,197.38999938964844,192.27999877929688,194.19000244140625,193.39999389648438,23494700,6.778746014596424,0.5,0.65
2019-05-01,196.17999267578125,193.00999450683594,194.77999877929688,193.02999877929688,15996600,6.6796110656787935,0.5,0.65
2019-05-02,194.0,189.75,193.0,192.52999877929688,13209500,6.177072968732219,0.5,0.65
2019-05-03,196.16000366210938,193.7100067138672,194.3800048828125,195.47000122070312,14575400,5.3693297255003305,0.5,0.65
2019-05-06,194.27999877929688,190.5500030517578,191.24000549316406,193.8800048828125,13994900,4.489419187021756,0.5,0.6
2019-05-07,192.89999389648438,187.85000610351562,192.5399932861328,189.77000427246094,16253000,3.684182648007854,0.0,0.5
2019-05-08,190.72000122070312,188.5500030517578,189.38999938964844,189.5399932861328,12505700,1.9540684738677878,0.5,0.55
2019-05-09,189.77000427246094,186.25999450683594,187.1999969482422,188.64999389648438,12967000,2.320619932116498,0.0,0.45
2019-05-10,190.0,184.58999633789062,188.25,188.33999633789062,12578500,2.6291310116331035,0.5,0.45
2019-05-13,185.42999267578125,180.83999633789062,183.5,181.5399932861328,16833300,4.0103923178919825,0.0,0.35
2019-05-14,183.49000549316406,178.10000610351562,182.52000427246094,180.72999572753906,17628100,4.928977782930465,0.5,0.35
2019-05-15,187.27999877929688,180.02000427246094,180.4199981689453,186.27000427246094,16746900,4.830465374062266,1.0,0.4
2019-05-16,188.5800018310547,185.0500030517578,185.0500030517578,186.99000549316406,12953100,4.653270586908391,0.5,0.4
2019-05-17,187.5800018310547,184.27999877929688,184.83999633789062,185.3000030517578,10485400,3.9217715395082156,0.5,0.4
2019-05-20,184.22999572753906,181.3699951171875,181.8800048828125,182.72000122070312,10352000,3.320078492065759,0.0,0.35
2019-05-21,185.6999969482422,183.88999938964844,184.57000732421875,184.82000732421875,7502800,3.051174369373559,1.0,0.45
2019-05-22,186.74000549316406,183.61000061035156,184.72999572753906,185.32000732421875,9213800,2.7004650603547766,0.5,0.45
2019-05-23,183.89999389648438,179.6699981689453,182.4199981689453,180.8699951171875,12768800,2.674412559527834,0.0,0.45
2019-05-24,183.6300048828125,180.8300018310547,182.3300018310547,181.05999755859375,8807700,2.4290593375722955,0.5,0.45
2019-05-28,184.7100067138672,181.4499969482422,181.5399932861328,184.30999755859375,14843300,2.328725318245001,1.0,0.55
2019-05-29,184.55999755859375,181.35000610351562,183.5,182.19000244140625,12797700,2.1511437168468763,0.0,0.5
2019-05-30,183.47999572753906,180.88999938964844,183.0800018310547,183.00999450683594,8581500,2.0086870328199464,0.5,0.45
2019-05-31,180.5399932861328,177.16000366210938,180.27999877929688,177.47000122070312,15226500,2.4598666314872752,0.0,0.4
2019-06-03,175.0500030517578,161.00999450683594,175.0,164.14999389648438,56059600,6.212577274784123,0.0,0.35
2019-06-04,168.27999877929688,160.83999633789062,163.7100067138672,167.5,46044300,7.3867168550612465,0.5,0.4
2019-06-05,168.72000122070312,164.6300048828125,167.47999572753906,168.1699981689453,19758300,7.810942738026876,0.5,0.35
2019-06-06,169.6999969482422,167.22999572753906,168.3000030517578,168.3300018310547,12446400,7.745533614708827,0.5,0.35
2019-06-07,173.8699951171875,168.83999633789062,170.1699981689453,173.35000610351562,16917300,7.551073730577558,1.0,0.45
2019-06-10,177.86000061035156,173.8000030517578,174.75,174.82000732421875,14767900,7.241925941056892,0.5,0.45
2019-06-11,179.97999572753906,176.7899932861328,178.47999572753906,178.10000610351562,15266600,6.521465591719629,0.5,0.4
2019-06-12,179.27000427246094,172.8800048828125,178.3800048828125,175.0399932861328,17699800,5.845202357334168,0.0,0.4
2019-06-13,178.02999877929688,174.61000061035156,175.52999877929688,177.47000122070312,12253600,4.990466539028509,0.5,0.4
2019-06-14,181.83999633789062,180.0,180.50999450683594,181.3300018310547,16773700,5.541600844032997,1.0,0.5
2019-06-17,189.5,184.41000366210938,185.00999450683594,189.00999450683594,29459900,6.6769141569289046,1.0,0.6
2019-06-18,194.52999877929688,187.27999877929688,194.0,188.47000122070312,37571400,7.221589217359308,0.5,0.6
2019-06-19,188.10000610351562,184.5500030517578,187.0,187.47999572753906,21417100,7.056441597502994,0.5,0.6
2019-06-20,191.16000366210938,187.63999938964844,190.9499969482422,189.52999877929688,14635700,6.547368442814959,0.5,0.6
2019-06-21,192.0,188.75,188.75,191.13999938964844,22751200,6.515744018980613,0.5,0.55
2019-06-24,193.97999572753906,191.57000732421875,192.4199981689453,192.60000610351562,15509000,6.3877525624724525,0.5,0.55
2019-06-25,193.13999938964844,188.1300048828125,192.8800048828125,188.83999633789062,16750300,5.985781361225361,0.0,0.5
2019-06-26,190.75999450683594,187.30999755859375,189.5399932861328,187.66000366210938,12808600,4.556762894891954,0.5,0.55
2019-06-27,198.8800048828125,188.27000427246094,189.8800048828125,189.5,11159000,2.9691123388202874,0.5,0.55
2019-06-28,193.1999969482422,189.94000244140625,190.5500030517578,193.0,16378900,1.9222631094951257,1.0,0.55
2019-07-01,195.27999877929688,191.92999267578125,195.2100067138672,193.0,14181800,2.157524310452204,0.5,0.5
2019-07-02,195.0,192.7100067138672,193.0,195.0,9050000,2.5537748614100777,1.0,0.55
2019-07-03,197.39999389648438,194.16000366210938,194.16000366210938,197.1999969482422,10246100,2.97529801758985,1.0,0.6
2019-07-05,197.07000732421875,194.1699981689453,196.17999267578125,196.39999389648438,11164100,3.1917803715363777,0.5,0.6
2019-07-08,196.67999267578125,193.63999938964844,195.19000244140625,195.75999450683594,9723900,3.3156284344254927,0.5,0.6
2019-07-09,199.4600067138672,194.88999938964844,194.97000122070312,199.2100067138672,14698600,3.8636539430101804,1.0,0.65
2019-07-10,202.9600067138672,199.6699981689453,200.0,202.72999572753906,20571700,4.434096888242901,1.0,0.75
2019-07-11,203.8000030517578,200.2100067138672,203.25999450683594,201.22999572753906,13678500,4.013025338710893,0.5,0.75
2019-07-12,205.3000030517578,199.16000366210938,199.67999267578125,204.8699951171875,15366300,4.061038774170397,1.0,0.8
2019-07-15,205.3300018310547,201.82000732421875,204.25,203.91000366210938,16030300,4.0817329708470345,0.5,0.75
2019-07-16,205.47000122070312,203.10000610351562,203.88999938964844,203.83999633789062,12132700,3.758189084690496,0.5,0.75
2019-07-17,204.36000061035156,201.58999633789062,204.17999267578125,201.8000030517578,12083700,3.342120128230648,0.0,0.65
2019-07-18,202.47000122070312,199.3800048828125,200.14999389648438,200.77999877929688,11937900,3.109813371029905,0.5,0.6
2019-07-19,202.3300018310547,198.07000732421875,202.17999267578125,198.36000061035156,12098300,2.833452479164729,0.0,0.55
2019-07-22,202.57000732421875,198.80999755859375,199.91000366210938,202.32000732421875,13589000,2.0808809017606125,1.0,0.6
2019-07-23,204.24000549316406,200.9600067138672,202.83999633789062,202.36000061035156,14583700,1.8535964025385494,0.5,0.55
2019-07-24,204.80999755859375,197.22000122070312,197.6300048828125,204.66000366210938,32532500,2.006749913992116,1.0,0.55
2019-07-25,208.66000366210938,198.25999450683594,206.6999969482422,200.7100067138672,39889900,2.0471404345815,0.0,0.5
2019-07-26,202.8800048828125,196.25,200.19000244140625,199.75,24434000,1.9893578355841066,0.0,0.4
2019-07-29,199.6300048828125,195.3000030517578,199.0,195.94000244140625,16530800,2.5805761322071743,0.0,0.35
2019-07-30,198.7100067138672,193.5,195.38999938964844,197.0399932861328,11903600,2.659023531532685,0.5,0.35
2019-07-31,198.75999450683594,192.67999267578125,196.9499969482422,194.22999572753906,14593500,3.224699863715201,0.0,0.35
2019-08-01,198.47000122070312,190.8800048828125,194.1699981689453,192.72999572753906,17777000,3.846412822388495,0.0,0.3
2019-08-02,192.6199951171875,188.07000732421875,191.10000610351562,189.02000427246094,15297000,4.944941293201051,0.0,0.3
2019-08-05,185.6699981689453,179.33999633789062,184.69000244140625,181.72999572753906,23086700,6.820080114120446,0.0,0.2
2019-08-06,185.7899932861328,183.08999633789062,183.69000244140625,184.50999450683594,18035700,7.240293677102036,0.5,0.2
2019-08-07,186.3699951171875,181.22000122070312,183.60000610351562,185.14999389648438,15833200,6.663900795338762,0.5,0.15
2019-08-08,190.33999633789062,184.0500030517578,186.6199951171875,190.16000366210938,14828900,5.9420193029216675,1.0,0.25
2019-08-09,190.97999572753906,187.1199951171875,190.0,187.85000610351562,11058800,5.137942378184446,0.5,0.3
2019-08-12,187.58999633789062,184.4600067138672,186.85000610351562,185.3699951171875,10930900,4.820095484211968,0.0,0.3
2019-08-13,191.3800048828125,185.3699951171875,185.52000427246094,188.4499969482422,13577000,3.852636554207142,1.0,0.35
2019-08-14,185.99000549316406,179.30999755859375,185.8000030517578,179.7100067138672,18903700,3.9453229437821355,0.0,0.35
2019-08-15,183.1999969482422,180.02999877929688,180.9499969482422,182.58999633789062,12925900,3.4259549596913086,1.0,0.45
2019-08-16,185.10000610351562,182.36000061035156,183.75,183.6999969482422,12654600,3.2173901046643776,0.5,0.5
2019-08-19,187.5,184.85000610351562,186.00999450683594,186.1699981689453,9691200,3.0287813871894804,1.0,0.6
2019-08-20,186.0,182.38999938964844,185.4499969482422,183.80999755859375,10083400,3.0587042866678282,0.0,0.55
2019-08-21,185.89999389648438,183.13999938964844,185.0,183.5500030517578,8398200,3.1086301909334906,0.5,0.55
2019-08-22,184.11000061035156,179.91000366210938,183.42999267578125,182.0399932861328,10821400,2.681695647075404,0.0,0.45
2019-08-23,183.1300048828125,176.66000366210938,180.83999633789062,177.75,17323400,3.078728972846172,0.0,0.4
2019-08-26,180.5,178.24000549316406,179.39999389648438,180.36000061035156,8773600,3.1144131758578673,1.0,0.5
2019-08-27,184.0399932861328,181.00999450683594,181.92999267578125,181.3000030517578,14399600,2.4197633936423513,0.5,0.45
2019-08-28,181.9499969482422,178.9199981689453,180.52999877929688,181.75999450683594,9386100,2.277639774129339,0.5,0.5
2019-08-29,186.0800018310547,183.47000122070312,183.77000427246094,185.57000732421875,10128700,2.5031473454821493,1.0,0.5
2019-08-30,186.8000030517578,183.4600067138672,186.77999877929688,185.6699981689453,10774500,2.671133484971901,0.5,0.5
2019-09-03,185.6699981689453,182.11000061035156,184.0,182.38999938964844,9779400,2.3940165549969015,0.0,0.4
2019-09-04,187.75,183.88999938964844,184.64999389648438,187.13999938964844,11308000,2.8051391177378164,1.0,0.5
2019-09-05,191.36000061035156,187.94000244140625,188.52999877929688,190.89999389648438,13876700,3.817435296203187,1.0,0.55
2019-09-06,190.2100067138672,186.35000610351562,190.2100067138672,187.49000549316406,15226800,3.97358476126129,0.0,0.55
2019-09-09,188.97999572753906,185.85000610351562,187.72999572753906,188.75999450683594,14722400,3.5410414165887145,0.5,0.6
2019-09-10,188.10000610351562,184.5500030517578,187.44000244140625,186.1699981689453,15455900,3.1226304429998537,0.0,0.5
2019-09-11,189.44000244140625,186.0800018310547,186.4600067138672,188.49000549316406,11761700,2.8046833977030845,1.0,0.55
2019-09-12,190.92999267578125,187.22999572753906,189.86000061035156,187.47000122070312,11419800,2.279444336436789,0.5,0.55
2019-09-13,187.97000122070312,186.5399932861328,187.3300018310547,187.19000244140625,11441100,2.2229954981527373,0.5,0.5
2019-09-16,187.7899932861328,185.77000427246094,186.92999267578125,186.22000122070312,8444800,2.1883764386411473,0.5,0.5
2019-09-17,188.32000732421875,185.5399932861328,186.66000366210938,188.0800018310547,9671100,1.3844873102812985,1.0,0.6
2019-09-18,189.0800018310547,186.00999450683594,188.08999633789062,188.13999938964844,9681900,1.3682610235804267,0.5,0.55
2019-09-19,191.10000610351562,188.14999389648438,188.66000366210938,190.13999938964844,10392700,1.1923571162942477,1.0,0.55
2019-09-20,193.10000610351562,188.1199951171875,190.66000366210938,189.92999267578125,19934200,1.3567794306636742,0.5,0.6
2019-09-23,190.10000610351562,185.2100067138672,189.33999633789062,186.82000732421875,13327600,1.3838355279405055,0.0,0.55
2019-09-24,188.0399932861328,180.38999938964844,187.97999572753906,181.27999877929688,18546600,2.479538853534345,0.0,0.55
2019-09-25,183.4199981689453,177.8699951171875,181.4499969482422,182.8000030517578,18068300,2.8243810433471097,1.0,0.55
2019-09-26,181.39999389648438,177.6699981689453,181.3300018310547,180.11000061035156,16083300,3.508520336920768,0.0,0.5
2019-09-27,180.75999450683594,175.66000366210938,180.49000549316406,177.10000610351562,14656200,4.470063516288523,0.0,0.45
2019-09-30,178.6699981689453,176.85000610351562,177.8699951171875,178.0800018310547,10740000,4.951033562652819,0.5,0.45
2019-10-01,179.83999633789062,174.8800048828125,179.14999389648438,175.80999755859375,17073000,5.396243278537435,0.0,0.35
2019-10-02,176.52999877929688,173.08999633789062,174.83999633789062,174.60000610351562,16151700,5.66128012129711,0.5,0.35
2019-10-03,179.83999633789062,173.6300048828125,175.57000732421875,179.3800048828125,16086300,4.83404296207819,1.0,0.35
2019-10-04,180.97999572753906,178.10000610351562,179.5500030517578,180.4499969482422,10430200,3.561021137412101,0.5,0.35
2019-10-07,181.17999267578125,178.08999633789062,180.0,179.67999267578125,9178300,2.5281049204280035,0.5,0.4
2019-10-08,180.3699951171875,177.72000122070312,178.25999450683594,177.75,9466900,2.4069019513913847,0.0,0.4
2019-10-09,180.72000122070312,177.94000244140625,179.16000366210938,179.85000610351562,7556900,1.9734132969522127,1.0,0.4
2019-10-10,181.61000061035156,179.1699981689453,180.32000732421875,180.02999877929688,8605000,1.9653202746736946,0.5,0.45
2019-10-11,186.49000549316406,182.13999938964844,182.14999389648438,184.19000244140625,14930500,2.6535204469842646,1.0,0.55
2019-10-14,184.6199951171875,182.57000732421875,184.1999969482422,183.27999877929688,7006000,2.9500607381651562,0.5,0.55
2019-10-15,190.3800048828125,183.66000366210938,183.8000030517578,188.88999938964844,15039100,3.8833078650904516,1.0,0.65
2019-10-16,189.6999969482422,186.89999389648438,188.32000732421875,189.5500030517578,10516900,4.098700197776346,0.5,0.65
2019-10-17,190.83999633789062,188.77000427246094,190.3000030517578,190.38999938964844,9603000,4.665281983525706,0.5,0.6
2019-10-18,191.49000549316406,183.9199981689453,190.22999572753906,185.85000610351562,16874200,4.597135683267287,0.0,0.55
2019-10-21,189.91000366210938,186.75,187.0399932861328,189.75999450683594,8122600,4.6624500571884315,1.0,0.6
2019-10-22,190.64999389648438,181.5,190.0,182.33999633789062,19537600,4.06167110497762,0.0,0.6
2019-10-23,186.3800048828125,182.0,182.00999450683594,186.14999389648438,12300400,3.5606150783371278,1.0,0.6
2019-10-24,186.72999572753906,182.8000030517578,184.6199951171875,186.3800048828125,11413500,2.8679640046147856,0.5,0.6
2019-10-25,189.0,185.08999633789062,185.8300018310547,187.88999938964844,8061200,2.7474588585829456,0.5,0.55
2019-10-28,189.52999877929688,185.0800018310547,187.1999969482422,189.39999389648438,13657900,2.483845247290301,0.5,0.55
2019-10-29,192.52999877929688,188.47000122070312,191.69000244140625,189.30999755859375,13574900,2.5103638355172775,0.5,0.5
2019-10-30,190.4499969482422,185.97999572753906,189.55999755859375,188.25,28734600,2.4366079416279884,0.5,0.5
2019-10-31,198.08999633789062,188.25,196.6999969482422,191.64999389648438,42286500,2.6239004667014,1.0,0.55
2019-11-01,194.11000061035156,189.91000366210938,192.85000610351562,193.6199951171875,21711800,3.1194975571789962,1.0,0.65
2019-11-04,197.3699951171875,193.80999755859375,194.5500030517578,194.72000122070312,16371300,3.68887333086515,0.5,0.6
2019-11-05,195.75,193.60000610351562,195.3699951171875,194.32000732421875,9942000,3.2103952432101663,0.5,0.65
2019-11-06,194.3699951171875,191.35000610351562,194.02999877929688,191.5500030517578,10973000,2.898246632450553,0.0,0.55
2019-11-07,193.44000244140625,189.47000122070312,191.91000366210938,190.4199981689453,13473000,2.4790157903691727,0.5,0.55
2019-11-08,192.33999633789062,189.6999969482422,190.0,190.83999633789062,10760800,2.214252559810625,0.5,0.55
2019-11-11,190.0800018310547,188.5399932861328,189.92999267578125,189.61000061035156,8631200,2.193995167701231,0.0,0.5
2019-11-12,195.05999755859375,189.74000549316406,190.0,194.47000122070312,17615500,2.2464167365957133,1.0,0.55
2019-11-13,195.6999969482422,192.74000549316406,194.6999969482422,193.19000244140625,10860700,1.852150104075759,0.0,0.5
2019-11-14,194.02999877929688,191.4499969482422,192.92999267578125,193.14999389648438,9040500,1.8418626425082973,0.5,0.45
2019-11-15,195.3000030517578,193.3800048828125,194.25999450683594,195.10000610351562,11524300,1.987608266617525,1.0,0.45
2019-11-18,198.6300048828125,193.0500030517578,194.55999755859375,197.39999389648438,16167200,2.418637270019451,1.0,0.5
2019-11-19,200.0,196.86000061035156,197.39999389648438,199.32000732421875,19056800,3.1322396386570963,1.0,0.55
2019-11-20,199.58999633789062,195.42999267578125,198.5800018310547,197.50999450683594,12355400,3.282345720598309,0.0,0.55
2019-11-21,199.08999633789062,196.86000061035156,197.4199981689453,197.92999267578125,12131000,3.204780418863575,0.5,0.55
2019-11-22,199.3000030517578,197.6199951171875,198.3800048828125,198.82000732421875,9959800,3.086105538241198,0.5,0.55
2019-11-25,200.97000122070312,199.25,199.52000427246094,199.7899932861328,15272300,2.494686647720608,0.5,0.6
2019-11-26,200.14999389648438,198.0399932861328,200.0,198.97000122070312,11735500,2.4597689776563056,0.5,0.55
2019-11-27,203.13999938964844,199.4199981689453,199.89999389648438,202.0,12736600,2.4742526862260075,1.0,0.65
2019-11-29,203.8000030517578,201.2100067138672,201.60000610351562,201.63999938964844,7985200,2.0448675810374675,0.5,0.65
2019-12-02,202.17999267578125,198.0500030517578,202.1300048828125,199.6999969482422,11503400,1.5704140898017327,0.0,0.55
2019-12-03,198.92999267578125,195.0800018310547,197.60000610351562,198.82000732421875,11595300,1.4372741670572555,0.0,0.45
2019-12-04,200.02999877929688,198.0500030517578,200.0,198.7100067138672,8456300,1.4562240050102675,0.5,0.4
2019-12-05,201.2899932861328,198.2100067138672,199.86000061035156,199.36000061035156,9740400,1.30013770483054,0.5,0.45
2019-12-06,201.57000732421875,200.05999755859375,200.5,201.0500030517578,12270600,1.234485834851663,1.0,0.5
2019-12-09,203.13999938964844,200.2100067138672,200.64999389648438,201.33999633789062,11954800,1.2498142080996237,0.5,0.5
2019-12-10,202.0500030517578,200.14999389648438,201.66000366210938,200.8699951171875,9475700,1.2629940934761643,0.5,0.5
2019-12-11,202.6300048828125,200.27999877929688,200.27999877929688,202.25999450683594,8036800,1.3208573692956114,1.0,0.55
2019-12-12,203.66000366210938,194.10000610351562,202.35000610351562,196.75,23734800,1.6847593863880757,0.0,0.45
2019-12-13,196.8000030517578,193.1699981689453,196.39999389648438,194.11000061035156,18798000,2.418243950531217,0.0,0.4
2019-12-16,199.1199951171875,194.80999755859375,195.27000427246094,197.9199981689453,14911500,2.4505786756533823,1.0,0.5
2019-12-17,199.0,196.1300048828125,198.83999633789062,198.38999938964844,10175700,2.4601620860651416,0.5,0.55
2019-12-18,204.3000030517578,200.08999633789062,200.08999633789062,202.5,23274400,2.679655897785585,1.0,0.6
2019-12-19,206.3000030517578,202.50999450683594,202.77999877929688,206.05999755859375,16514600,3.3953070534783087,1.0,0.65
2019-12-20,207.7100067138672,203.42999267578125,207.47999572753906,206.3000030517578,27306900,3.919634165919338,0.5,0.6
2019-12-23,208.58999633789062,205.67999267578125,206.6999969482422,206.17999267578125,13348900,4.2951389877277,0.5,0.6
2019-12-24,206.7899932861328,205.0,206.3000030517578,205.1199951171875,6046300,4.472709778869362,0.5,0.6
2019-12-26,207.82000732421875,205.30999755859375,205.57000732421875,207.7899932861328,9350700,4.891284893719587,1.0,0.6
2019-12-27,208.92999267578125,206.58999633789062,208.6699981689453,208.10000610351562,10284200,4.825222691072592,0.5,0.65
2019-12-30,207.89999389648438,203.89999389648438,207.86000061035156,204.41000366210938,10524300,3.6025270215573766,0.0,0.65
2019-12-31,205.55999755859375,203.60000610351562,204.0,205.25,8953500,2.82776292835989,0.5,0.6
2020-01-02,209.7899932861328,206.27000427246094,206.75,209.77999877929688,12077100,2.0526806627915635,1.0,0.65
2020-01-03,210.39999389648438,206.9499969482422,207.2100067138672,208.6699981689453,11188400,1.7370100814876612,0.0,0.55
2020-01-06,212.77999877929688,206.52000427246094,206.6999969482422,212.60000610351562,17058900,2.503661051984195,1.0,0.55
2020-01-07,214.5800018310547,211.75,212.82000732421875,213.05999755859375,14912400,3.0258203445714202,0.5,0.55
2020-01-08,216.24000549316406,212.61000061035156,213.0,215.22000122070312,13475000,3.671337148849848,1.0,0.6
2020-01-09,218.3800048828125,216.27999877929688,217.5399932861328,218.3000030517578,12642800,4.414279935004392,1.0,0.65
2020-01-10,219.8800048828125,217.4199981689453,219.1999969482422,218.05999755859375,12119400,4.925818592769921,0.5,0.6
2020-01-13,221.97000122070312,219.2100067138672,219.60000610351562,221.91000366210938,14463400,5.777262705347654,1.0,0.65
2020-01-14,222.3800048828125,218.6300048828125,221.61000061035156,219.05999755859375,13288900,5.269327898844737,0.0,0.65
2020-01-15,221.67999267578125,220.13999938964844,220.61000061035156,221.14999389648438,10036500,4.631983872607507,0.5,0.65
2020-01-16,222.6300048828125,220.38999938964844,222.57000732421875,221.77000427246094,10015300,4.454431134292873,0.5,0.6
2020-01-17,222.2899932861328,220.52999877929688,222.02999877929688,222.13999938964844,15905900,3.620972434312264,0.5,0.65
2020-01-21,222.3699951171875,219.1199951171875,222.16000366210938,221.44000244140625,14275800,3.1105686575710907,0.5,0.6
2020-01-22,222.75,221.27999877929688,222.30999755859375,221.32000732421875,12212800,2.2820809236666264,0.5,0.6
2020-01-23,221.49000549316406,219.27000427246094,220.75,219.75999450683594,11195000,1.5521716527990392,0.0,0.5
2020-01-24,221.77999877929688,216.11000061035156,220.8000030517578,217.94000244140625,11905800,1.6116690001447387,0.0,0.4
2020-01-27,216.05999755859375,212.5,213.10000610351562,214.8699951171875,13810700,2.3049686893595704,0.0,0.35
2020-01-28,218.74000549316406,213.52000427246094,216.13999938964844,217.7899932861328,13413800,2.3208029355711544,1.0,0.35
2020-01-29,224.1999969482422,218.4499969482422,221.44000244140625,223.22999572753906,33181300,2.5514127429231444,1.0,0.45
2020-01-30,211.42999267578125,204.75,206.52999877929688,209.52999877929688,48775500,4.172132221756397,0.0,0.4
2020-01-31,208.69000244140625,201.05999755859375,208.42999267578125,201.91000366210938,31359900,6.67315623744866,0.0,0.35
2020-02-03,205.13999938964844,202.5,203.44000244140625,204.19000244140625,15495600,7.498029414858809,0.5,0.35
2020-02-04,210.60000610351562,205.1999969482422,206.6199951171875,209.8300018310547,19628900,7.32088029376085,1.0,0.4
2020-02-05,212.72999572753906,208.7100067138672,212.50999450683594,210.11000061035156,12538200,6.929568585273597,0.5,0.4
2020-02-06,211.19000244140625,209.33999633789062,210.47000122070312,210.85000610351562,10567500,6.512036266047184,0.5,0.45
2020-02-07,212.82000732421875,209.92999267578125,210.3000030517578,212.3300018310547,12242500,6.178979675957983,0.5,0.5
2020-02-10,213.8000030517578,210.66000366210938,211.52000427246094,213.05999755859375,11856400,6.094049052191916,0.5,0.55
2020-02-11,210.86000061035156,206.50999450683594,210.19000244140625,207.19000244140625,25030800,5.748551463287418,0.0,0.45
2020-02-12,211.22000122070312,207.39999389648438,207.85000610351562,210.75999450683594,13813700,3.5428951584545016,1.0,0.45
2020-02-13,214.3300018310547,209.17999267578125,209.52000427246094,213.13999938964844,15396600,3.7815004916078805,1.0,0.55
2020-02-14,214.92999267578125,212.64999389648438,214.0,214.17999267578125,10741700,3.0172969629697,0.5,0.6
2020-02-18,217.97999572753906,213.39999389648438,213.5500030517578,217.8000030517578,15609200,2.8895484836216307,1.0,0.65
2020-02-19,218.32000732421875,216.11000061035156,217.99000549316406,217.49000549316406,12135100,3.263571955073955,0.5,0.6
2020-02-20,218.77000427246094,212.9499969482422,216.52000427246094,214.5800018310547,13109200,3.175720265749567,0.0,0.55
2020-02-21,214.24000549316406,208.8300018310547,213.47999572753906,210.17999267578125,14092300,3.2358545663547558,0.0,0.5
2020-02-24,203.64999389648438,198.1699981689453,201.8000030517578,200.72000122070312,23080100,5.085443870856213,0.0,0.45
2020-02-25,203.5,195.9499969482422,202.25,196.77000427246094,21433500,6.945151886697682,0.0,0.4
2020-02-26,201.2100067138672,195.49000549316406,197.19000244140625,197.1999969482422,16524500,8.067042426808081,0.5,0.45
2020-02-27,195.8800048828125,189.5,191.82000732421875,189.75,21682600,10.115264030289858,0.0,0.35
2020-02-28,192.74000549316406,181.82000732421875,182.6999969482422,192.47000122070312,32568900,10.84766240285969,0.5,0.3
2020-03-02,196.57000732421875,188.85000610351562,194.02999877929688,196.44000244140625,24949000,10.649054727949752,0.5,0.3
2020-03-03,197.24000549316406,183.97000122070312,196.22000122070312,185.88999938964844,27984100,10.61554079583134,0.0,0.2
2020-03-04,191.8300018310547,186.38999938964844,189.1699981689453,191.75999450683594,23062500,8.929781513279737,1.0,0.25
2020-03-05,188.99000549316406,183.88999938964844,186.77999877929688,185.1699981689453,19333400,7.423288580800001,0.0,0.25
2020-03-06,183.77999877929688,176.25999450683594,178.3300018310547,181.08999633789062,24559600,6.264045596734968,0.0,0.25
2020-03-09,175.0,165.19000244140625,169.60000610351562,169.5,29949000,8.620250971226527,0.0,0.25
2020-03-10,178.2899932861328,169.5,174.6699981689453,178.19000244140625,24517800,8.666824286271874,1.0,0.35
2020-03-11,175.8800048828125,167.66000366210938,174.00999450683594,170.24000549316406,20373900,9.228592232524274,0.0,0.3
2020-03-12,166.60000610351562,154.33999633789062,159.5399932861328,154.47000122070312,43266300,12.843159561694764,0.0,0.3
2020-03-13,170.7899932861328,157.60000610351562,163.52999877929688,170.27999877929688,35028600,12.46071590667537,1.0,0.35
2020-03-16,159.1300048828125,143.10000610351562,152.32000732421875,146.00999450683594,39120400,14.36428337557246,0.0,0.3
2020-03-17,153.94000244140625,140.0,150.74000549316406,149.4199981689453,34255600,15.394141631310184,0.5,0.35
2020-03-18,148.17999267578125,137.10000610351562,139.75,146.9600067138672,37553100,14.737635588389837,0.5,0.3
2020-03-19,159.92999267578125,144.8000030517578,146.6199951171875,153.1300048828125,39862300,13.311296854519837,0.5,0.35
2020-03-20,159.27000427246094,148.0,156.02000427246094,149.72999572753906,32568400,11.916574031746475,0.5,0.4
2020-03-23,152.30999755859375,142.25,149.66000366210938,148.10000610351562,29830800,11.69970065827947,0.5,0.45
2020-03-24,161.30999755859375,152.57000732421875,155.2100067138672,160.97999572753906,30440400,9.172476901125279,1.0,0.45
2020-03-25,162.99000549316406,153.05999755859375,158.9199981689453,156.2100067138672,35184300,7.489423620265335,0.0,0.45
2020-03-26,164.0,157.02000427246094,158.25,163.33999633789062,26556800,8.11258052397806,1.0,0.55
2020-03-27,160.08999633789062,154.75,158.1999969482422,156.7899932861328,24879900,6.037816352283753,0.0,0.45
2020-03-30,166.75,158.05999755859375,159.17999267578125,165.9499969482422,22515200,6.704119447846359,1.0,0.55
2020-03-31,170.92999267578125,164.1999969482422,165.47999572753906,166.8000030517578,23676300,7.305125978348622,0.5,0.55
2020-04-01,164.14999389648438,158.0399932861328,161.6199951171875,159.60000610351562,19507600,6.457955163117353,0.0,0.5
2020-04-02,161.35000610351562,155.9199981689453,159.10000610351562,158.19000244140625,20886300,6.222432449726919,0.5,0.5
2020-04-03,157.91000366210938,150.8300018310547,157.14999389648438,154.17999267578125,25983300,5.653151821274434,0.0,0.45
2020-04-06,166.1999969482422,158.50999450683594,160.14999389648438,165.5500030517578,28453600,4.4817774937362795,1.0,0.5
2020-04-07,173.38999938964844,166.00999450683594,171.7899932861328,168.8300018310547,31411900,5.160824042109479,1.0,0.5
2020-04-08,175.0,167.74000549316406,171.25,174.27999877929688,21664200,6.153667863103762,1.0,0.6
2020-04-09,177.0800018310547,171.57000732421875,175.89999389648438,175.19000244140625,23534300,7.202840950355572,0.5,0.55
2020-04-13,175.0,169.4499969482422,173.6699981689453,174.7899932861328,19355400,7.300471947518803,0.5,0.6
2020-04-14,181.22999572753906,176.6199951171875,178.97999572753906,178.1699981689453,21011800,8.196433409586776,0.5,0.55
2020-04-15,178.19000244140625,172.82000732421875,175.19000244140625,176.97000122070312,17423000,8.706970409103794,0.5,0.55
2020-04-16,178.0500030517578,172.50999450683594,177.9499969482422,176.25,23593200,8.386065712622782,0.5,0.6
2020-04-17,180.27999877929688,176.66000366210938,179.1999969482422,179.24000549316406,20974800,7.633422880046886,0.5,0.6
2020-04-20,180.5,176.77000427246094,177.41000366210938,178.24000549316406,16110700,4.362943647914758,0.5,0.65
2020-04-21,175.3800048828125,168.33999633789062,175.25,170.8000030517578,24850500,3.325211225763065,0.0,0.55
2020-04-22,184.77999877929688,178.13999938964844,178.4499969482422,182.27999877929688,33242000,3.143389990820409,1.0,0.55
2020-04-23,187.0500030517578,183.14999389648438,184.0800018310547,185.1300048828125,21426600,4.001092979510117,1.0,0.55
2020-04-24,190.41000366210938,180.8300018310547,183.22999572753906,190.07000732421875,28792000,5.461742151841809,1.0,0.6
2020-04-27,193.75,187.41000366210938,192.66000366210938,187.5,29197800,5.791905604687398,0.0,0.55
2020-04-28,189.1999969482422,182.55999755859375,188.66000366210938,182.91000366210938,21731000,5.7771557395735185,0.0,0.5
2020-04-29,196.91000366210938,190.0,190.92999267578125,194.19000244140625,45954500,6.916670065389337,1.0,0.55
2020-04-30,209.69000244140625,201.57000732421875,206.9199981689453,204.7100067138672,46230100,9.396354634843313,1.0,0.6
2020-05-01,207.27999877929688,199.0500030517578,201.60000610351562,202.27000427246094,30415600,10.45258159088381,0.5,0.6
2020-05-04,205.91000366210938,198.75999450683594,200.1999969482422,205.25999450683594,19250700,11.171479023359577,0.5,0.6
2020-05-05,210.3800048828125,206.5,207.02000427246094,207.07000732421875,21071200,9.872919010204857,0.5,0.65
2020-05-06,211.60000610351562,206.66000366210938,208.1199951171875,208.47000122070312,21857000,9.851230462522441,0.5,0.6
2020-05-07,211.60000610351562,209.0399932861328,211.16000366210938,211.25999450683594,15152000,9.889615451649142,0.5,0.55
2020-05-08,213.2100067138672,210.85000610351562,212.24000549316406,212.35000610351562,12506000,10.069462339408684,0.5,0.5
2020-05-11,215.0,210.3699951171875,210.88999938964844,213.17999267578125,12911900,9.321051011522226,0.5,0.55
2020-05-12,215.27999877929688,210.0,213.2899932861328,210.10000610351562,14704600,5.689648489957166,0.5,0.6
2020-05-13,210.77999877929688,202.11000061035156,209.42999267578125,205.10000610351562,20684600,3.67344021360998,0.0,0.5
2020-05-14,206.92999267578125,200.69000244140625,202.55999755859375,206.80999755859375,17178900,3.522863611631719,0.5,0.45
2020-05-15,211.33999633789062,204.1199951171875,205.27000427246094,210.8800048828125,19383200,2.915920288807329,1.0,0.5
2020-05-18,214.63999938964844,210.94000244140625,212.14999389648438,213.19000244140625,20151900,2.848820394789274,1.0,0.55
2020-05-19,220.49000549316406,212.8300018310547,213.27000427246094,216.8800048828125,31843200,3.4203239900819558,1.0,0.6
2020-05-20,231.33999633789062,223.19000244140625,223.5,229.97000122070312,50162900,6.83273596903238,1.0,0.65
2020-05-21,237.1999969482422,231.1999969482422,234.72000122070312,231.38999938964844,47782600,8.919058807509906,0.5,0.65
2020-05-22,235.99000549316406,228.74000549316406,231.50999450683594,234.91000366210938,33925600,10.827504189875015,0.5,0.65
2020-05-26,240.89999389648438,231.6699981689453,239.77000427246094,232.1999969482422,33178300,11.672461912164813,0.5,0.65
2020-05-27,230.55999755859375,221.1300048828125,229.07000732421875,229.13999938964844,34697600,11.586051667842934,0.5,0.65
2020-05-28,231.6300048828125,224.0,224.3000030517578,225.4600067138672,29377200,10.175375087717116,0.5,0.7
2020-05-29,227.49000549316406,222.8800048828125,225.1999969482422,225.08999633789062,23241500,8.417216822985283,0.5,0.7
2020-06-01,232.44000244140625,223.5,224.58999633789062,231.91000366210938,18223800,7.035915229723266,1.0,0.7
2020-06-02,233.0,226.55999755859375,230.94000244140625,232.72000122070312,20919000,5.258330185530924,0.5,0.65
2020-06-03,232.64999389648438,228.52999877929688,232.11000061035156,230.16000366210938,15380300,3.100936443033616,0.0,0.55
2020-06-04,231.6300048828125,224.61000061035156,229.55999755859375,226.2899932861328,17041500,3.35198911311094,0.0,0.45
2020-06-05,231.35000610351562,225.30999755859375,226.7100067138672,230.77000427246094,16750400,3.3275671669362907,1.0,0.5
2020-06-08,231.5500030517578,227.41000366210938,229.02999877929688,231.39999389648438,15466500,2.893027309802001,0.5,0.5
2020-06-09,239.77000427246094,230.41000366210938,231.52000427246094,238.6699981689453,27462900,4.051859589693329,1.0,0.55
2020-06-10,241.2100067138672,235.27999877929688,240.9600067138672,236.72999572753906,20720700,4.5228623246047395,0.0,0.5
2020-06-11,232.88999938964844,223.5500030517578,229.94000244140625,224.42999267578125,26708200,4.670345304022233,0.0,0.45
2020-06-12,231.66000366210938,224.5,229.89999389648438,228.5800018310547,22091400,4.311441049190065,1.0,0.5
2020-06-15,233.77000427246094,224.8000030517578,225.08999633789062,232.5,15340300,4.326763245417539,1.0,0.5
2020-06-16,238.4600067138672,233.0,237.13999938964844,235.64999389648438,15236700,4.533516996337134,1.0,0.55
2020-06-17,237.58999633789062,231.72999572753906,235.0,235.52999877929688,19578100,4.670751864937083,0.5,0.6
2020-06-18,236.13999938964844,232.14999389648438,234.99000549316406,235.94000244140625,15782500,4.331910455529245,0.5,0.65
2020-06-19,240.8300018310547,235.5500030517578,237.7899932861328,238.7899932861328,30081300,4.602986741631504,1.0,0.65
2020-06-22,240.6999969482422,236.91000366210938,238.55999755859375,239.22000122070312,18917800,4.805604141361462,0.5,0.65
2020-06-23,245.19000244140625,239.86000061035156,241.27999877929688,242.24000549316406,24017900,5.253001678532731,1.0,0.65
2020-06-24,243.22000122070312,232.67999267578125,241.1999969482422,234.02000427246094,20834900,5.2214084251401145,0.0,0.65
2020-06-25,237.3000030517578,232.74000549316406,234.6199951171875,235.67999267578125,18704300,3.7774778831193565,0.5,0.7
2020-06-26,233.08999633789062,215.39999389648438,232.63999938964844,216.0800018310547,76343900,7.0704706065434175,0.0,0.6
2020-06-29,220.75,207.11000061035156,209.75,220.63999938964844,58514300,8.336662218144555,1.0,0.6
2020-06-30,227.5,218.47000122070312,220.58999633789062,227.07000732421875,33927100,8.516544547598972,1.0,0.6
2020-07-01,239.0,227.55999755859375,228.5,237.5500030517578,43399700,8.619181018605698,1.0,0.65
2020-07-02,240.0,232.61000061035156,239.0,233.4199981689453,30633600,8.551245510364305,0.0,0.6
2020-07-06,240.39999389648438,232.27000427246094,233.75999450683594,240.27999877929688,26206200,8.685511372099924,1.0,0.6
2020-07-07,247.64999389648438,238.82000732421875,239.41000366210938,240.86000061035156,27887800,8.838121974312916,0.5,0.6
2020-07-08,246.99000549316406,236.58999633789062,238.11000061035156,243.5800018310547,29791300,9.005983528363702,0.5,0.55
2020-07-09,246.52999877929688,239.24000549316406,245.0,244.5,22174900,9.729193849932756,0.5,0.6
2020-07-10,245.49000549316406,239.32000732421875,243.69000244140625,245.07000732421875,22982700,10.346544673370992,0.5,0.6
2020-07-13,250.14999389648438,238.4199981689453,247.00999450683594,239.0,24674900,7.98132983558623,0.0,0.6
2020-07-14,240.3300018310547,232.02999877929688,236.75999450683594,239.72999572753906,23378100,5.468633515153676,0.5,0.55
2020-07-15,244.82000732421875,238.0500030517578,241.5500030517578,240.27999877929688,19133600,3.4675688707741754,0.5,0.5
2020-07-16,241.75999450683594,236.3300018310547,238.0,240.92999267578125,18880700,3.3174581832703622,0.5,0.45
2020-07-17,244.16000366210938,237.86000061035156,241.0,242.02999877929688,18152400,2.0893307980302773,0.5,0.5
2020-07-20,246.0500030517578,235.63999938964844,240.05999755859375,245.4199981689453,20872200,2.33876695306211,1.0,0.5
2020-07-21,246.91000366210938,240.0800018310547,246.22000122070312,241.75,19364200,2.3012791250902622,0.0,0.45
2020-07-22,241.89999389648438,238.1199951171875,240.25999450683594,239.8699951171875,15427900,2.357641208930241,0.0,0.4
2020-07-23,242.4199981689453,231.75,239.6300048828125,232.60000610351562,21771800,3.5683098735976717,0.0,0.35
2020-07-24,233.49000549316406,226.89999389648438,230.19000244140625,230.7100067138672,18325800,4.393916213258703,0.0,0.3
2020-07-27,234.9499969482422,230.8300018310547,231.4600067138672,233.5,13163100,4.755528811279833,1.0,0.4
2020-07-28,234.9600067138672,229.8300018310547,234.6300048828125,230.1199951171875,14170100,5.44171025627503,0.0,0.35
2020-07-29,233.6999969482422,230.30999755859375,231.13999938964844,233.2899932861328,13588300,5.524784668904681,1.0,0.4
2020-07-30,234.88999938964844,229.0,230.22000122070312,234.5,20615300,5.391998076902696,0.5,0.4
2020-07-31,255.85000610351562,249.0,255.82000732421875,253.6699981689453,53005100,7.565702411963659,1.0,0.45
2020-08-03,255.39999389648438,250.3300018310547,252.64999389648438,251.9600067138672,23124900,8.541952012892224,0.5,0.4
2020-08-04,252.8000030517578,247.42999267578125,251.55999755859375,249.8300018310547,17183500,9.266779228241179,0.5,0.45
2020-08-05,252.27000427246094,247.77000427246094,250.19000244140625,249.1199951171875,13050100,9.808541795614643,0.5,0.5
2020-08-06,266.6000061035156,248.6699981689453,249.0399932861328,265.2799987792969,45241600,12.238204502111516,1.0,0.6
2020-08-07,278.8900146484375,263.42999267578125,264.0799865722656,268.44000244140625,72766400,13.690289869250591,0.5,0.65
2020-08-10,273.8599853515625,259.69000244140625,268.0400085449219,263.0,30248800,13.643282354949873,0.5,0.6
2020-08-11,265.9200134277344,255.1300048828125,260.19000244140625,256.1300048828125,28238300,11.804294471210733,0.0,0.6
2020-08-12,263.8999938964844,258.1099853515625,258.9700012207031,259.8900146484375,21415700,9.819106935761093,0.5,0.55
2020-08-13,265.1600036621094,259.57000732421875,261.54998779296875,261.29998779296875,17374000,6.713124327786888,0.5,0.55
2020-08-14,262.6499938964844,258.67999267578125,262.30999755859375,261.239990234375,14792700,6.6139733320918825,0.5,0.5
2020-08-17,264.1000061035156,259.3999938964844,262.5,261.1600036621094,13351100,6.212463264257496,0.5,0.5
2020-08-18,265.1499938964844,259.260009765625,260.95001220703125,262.3399963378906,18690400,5.220506984735229,0.5,0.5
2020-08-19,267.9100036621094,261.3500061035156,261.3900146484375,262.5899963378906,23291500,3.2350534016693477,0.5,0.5
2020-08-20,269.6300048828125,261.4599914550781,261.5,269.010009765625,20299700,3.802903305565983,1.0,0.5
2020-08-21,270.489990234375,266.4200134277344,268.69000244140625,267.010009765625,15538600,3.5752130432141382,0.0,0.45
2020-08-24,277.25,268.7699890136719,271.07000732421875,271.3900146484375,23685600,4.582747622858735,1.0,0.5
2020-08-25,283.0899963378906,270.260009765625,272.4100036621094,280.82000732421875,42127200,6.5679183950532485,1.0,0.6
2020-08-26,304.6700134277344,284.0,284.0,303.9100036621094,69015200,13.428457369694655,1.0,0.65
2020-08-27,301.2300109863281,292.0199890136719,300.1600036621094,293.2200012207031,30301300,14.830842179489121,0.0,0.6
2020-08-28,297.2300109863281,290.9800109863281,295.0,293.6600036621094,17157400,15.440117052705718,0.5,0.6
2020-08-31,296.8800048828125,291.54998779296875,293.95001220703125,293.20001220703125,17345100,15.223477699081004,0.5,0.6
2020-09-01,301.489990234375,292.7099914550781,294.7099914550781,295.44000244140625,17295900,14.612065048220568,0.5,0.6
2020-09-02,303.6000061035156,293.04998779296875,298.8800048828125,302.5,24341400,13.840427613323458,0.5,0.6
2020-09-03,297.6000061035156,283.6300048828125,295.989990234375,291.1199951171875,32294100,12.327740123453099,0.0,0.5
2020-09-04,289.0,271.1400146484375,287.25,282.7300109863281,30333700,9.953574449750866,0.0,0.5
2020-09-08,279.29998779296875,269.4200134277344,271.2799987792969,271.1600036621094,24864000,10.003549234459182,0.0,0.4
2020-09-09,278.4800109863281,271.3500061035156,275.7699890136719,273.7200012207031,22918800,10.991831958881551,0.5,0.35
2020-09-10,279.1600036621094,267.0299987792969,275.510009765625,268.0899963378906,24814700,11.786831542322417,0.0,0.25
2020-09-11,271.3900146484375,262.6400146484375,270.05999755859375,266.6099853515625,18913900,13.034817368767357,0.5,0.3
2020-09-14,276.6400146484375,265.70001220703125,270.95001220703125,266.1499938964844,24093800,13.617989225599674,0.5,0.3
2020-09-15,274.5199890136719,269.29998779296875,270.6700134277344,272.4200134277344,18478500,13.138721553891285,0.5,0.3
2020-09-16,272.44000244140625,261.7900085449219,267.2900085449219,263.5199890136719,29183400,12.564143629134623,0.0,0.25
2020-09-17,261.5,250.19000244140625,258.2799987792969,254.82000732421875,31281400,10.115125549428909,0.0,0.2
2020-09-18,259.20001220703125,250.0500030517578,258.3999938964844,252.52999877929688,28130800,8.887406416162923,0.5,0.25
2020-09-21,249.9499969482422,244.1300048828125,247.5399932861328,248.14999389648438,24709400,8.88999854715094,0.0,0.25
2020-09-22,255.32000732421875,248.22000122070312,253.30999755859375,254.75,30293100,8.877991357490062,1.0,0.35
2020-09-23,257.989990234375,248.14999389648438,255.25999450683594,249.02000427246094,19641300,8.712926204871582,0.0,0.3
2020-09-24,252.24000549316406,245.6199951171875,246.5,249.52999877929688,20006800,8.681627711959003,0.5,0.35
2020-09-25,255.75,246.61000061035156,249.39999389648438,254.82000732421875,18351300,8.127600848979814,1.0,0.4
2020-09-28,259.6000061035156,254.82000732421875,259.3999938964844,256.82000732421875,18826300,7.409611537319903,0.5,0.4
2020-09-29,263.3299865722656,256.8999938964844,257.80999755859375,261.7900085449219,20200200,5.1535604207640855,1.0,0.45
2020-09-30,266.0799865722656,260.1000061035156,261.9800109863281,261.8999938964844,20142500,4.858131084971293,0.5,0.5
2020-10-01,268.3299865722656,264.79998779296875,265.3500061035156,266.6300048828125,20009800,6.214274251768386,1.0,0.6
2020-10-02,265.1499938964844,259.17999267578125,261.2099914550781,259.94000244140625,16367600,6.250010065476454,0.0,0.55
2020-10-05,264.8699951171875,260.8399963378906,262.20001220703125,264.6499938964844,12822300,6.022950185705337,1.0,0.65
2020-10-06,265.69000244140625,258.239990234375,261.7799987792969,258.6600036621094,18696900,5.9155626747508006,0.0,0.55
2020-10-07,260.17999267578125,254.82000732421875,259.2099914550781,258.1199951171875,23133400,4.93507614930148,0.5,0.6
2020-10-08,264.6199951171875,259.1499938964844,259.75,263.760009765625,16312800,3.708588029133247,1.0,0.65
2020-10-09,264.75,262.1700134277344,264.5199890136719,264.45001220703125,14107800,3.2287564341273036,0.5,0.6
2020-10-12,280.17999267578125,267.8699951171875,270.20001220703125,275.75,31019300,5.08415273877598,1.0,0.65
2020-10-13,279.1000061035156,273.3900146484375,277.5799865722656,276.1400146484375,18063300,6.385970236891378,0.5,0.6
2020-10-14,278.75,271.5,277.6199951171875,271.82000732421875,15577800,6.617210537438848,0.0,0.55
2020-10-15,269.0400085449219,263.6700134277344,267.6000061035156,266.7200012207031,15416100,6.618235771067287,0.0,0.45
2020-10-16,271.3699951171875,265.29998779296875,267.3800048828125,265.92999267578125,16622700,6.270661019273585,0.5,0.5
2020-10-19,268.54998779296875,259.8800048828125,265.5299987792969,261.3999938964844,13587000,6.464192104517974,0.0,0.4
2020-10-20,269.70001220703125,262.8800048828125,263.05999755859375,267.55999755859375,18763200,5.8860854952781905,1.0,0.5
2020-10-21,283.04998779296875,276.3699951171875,279.55999755859375,278.7300109863281,28998600,5.974706053725709,1.0,0.55
2020-10-22,282.45001220703125,275.0400085449219,279.8699951171875,278.1199951171875,16720000,6.235018293969064,0.5,0.5
2020-10-23,285.239990234375,276.82000732421875,278.79998779296875,284.7900085449219,17535200,7.222797717842235,1.0,0.55
2020-10-26,285.2300109863281,274.260009765625,283.1600036621094,277.1099853515625,21322900,7.299091652371445,0.0,0.45
2020-10-27,284.510009765625,276.30999755859375,278.760009765625,283.2900085449219,16287200,7.977784297056467,1.0,0.5
2020-10-28,278.7900085449219,267.260009765625,278.7900085449219,267.6700134277344,23121800,8.182906330751875,0.0,0.5
2020-10-29,283.6000061035156,273.7799987792969,276.54998779296875,280.8299865722656,32368100,8.170921910114842,1.0,0.6
2020-10-30,276.70001220703125,259.1000061035156,274.5,263.1099853515625,47247800,8.54146984666482,0.0,0.55
2020-11-02,270.4700012207031,257.3399963378906,264.6000061035156,261.3599853515625,27165700,8.548170077418863,0.5,0.6
2020-11-03,270.04998779296875,260.8800048828125,263.1600036621094,265.29998779296875,17961900,8.771851167427565,0.5,0.55
2020-11-04,288.94000244140625,278.6199951171875,281.0,287.3800048828125,35364400,9.667479280909342,1.0,0.55
2020-11-05,297.3800048828125,288.95001220703125,291.8999938964844,294.67999267578125,23823600,11.521624113726018,1.0,0.6
2020-11-06,294.6000061035156,288.05999755859375,293.95001220703125,293.4100036621094,13891000,12.488339194883102,0.5,0.55
2020-11-09,292.5799865722656,278.5299987792969,289.8699951171875,278.7699890136719,25117700,12.494880187507107,0.0,0.55
2020-11-10,274.0,264.0,273.1000061035156,272.42999267578125,29067700,12.415145628053844,0.0,0.45
2020-11-11,278.3999938964844,272.4800109863281,273.4700012207031,276.4800109863281,14957000,12.025891156172424,0.5,0.5
2020-11-12,279.75,274.42999267578125,277.17999267578125,275.0799865722656,12899500,11.9797159914836,0.5,0.45
2020-11-13,277.760009765625,273.1000061035156,277.7200012207031,276.95001220703125,10391200,10.980153279272793,0.5,0.5
2020-11-16,279.4100036621094,274.6300048828125,275.04998779296875,278.9599914550781,12970400,9.259545747213178,0.5,0.5
2020-11-17,277.67999267578125,273.2900085449219,277.67999267578125,275.0,15040300,7.973844467097192,0.5,0.5
2020-11-18,277.3900146484375,271.8399963378906,274.5199890136719,271.9700012207031,12152900,8.07381766434148,0.5,0.45
2020-11-19,273.4700012207031,269.19000244140625,271.0199890136719,272.94000244140625,12963700,6.204795774639312,0.5,0.4
2020-11-20,273.0,269.4100036621094,272.55999755859375,269.70001220703125,18114700,3.0499030556987203,0.0,0.35
2020-11-23,270.95001220703125,264.5299987792969,270.8900146484375,268.42999267578125,20990800,3.306909319526123,0.5,0.4
2020-11-24,277.82000732421875,267.8699951171875,268.489990234375,276.9200134277344,16930400,3.404511000460057,1.0,0.5
2020-11-25,280.17999267578125,272.6499938964844,278.1400146484375,275.5899963378906,12467000,3.350741690244156,0.5,0.5
2020-11-27,279.1300048828125,274.82000732421875,277.3900146484375,277.80999755859375,7808400,3.5404142134469736,1.0,0.55
2020-11-30,277.70001220703125,271.010009765625,276.0299987792969,276.9700012207031,16693300,3.5420022555127426,0.5,0.55
2020-12-01,289.29998779296875,278.9599914550781,279.1600036621094,286.54998779296875,20777900,5.094001525778672,1.0,0.6
2020-12-02,291.7799987792969,280.8299865722656,285.3599853515625,287.5199890136719,17361600,6.410990980931327,0.5,0.6
2020-12-03,286.6499938964844,281.07000732421875,286.25,281.8500061035156,12921700,6.406880742031443,0.0,0.55
2020-12-04,283.4599914550781,279.29998779296875,280.29998779296875,279.70001220703125,10880300,6.235055318419269,0.5,0.55
2020-12-07,288.489990234375,278.20001220703125,279.19000244140625,285.5799865722656,13007700,5.868268835159984,1.0,0.65
2020-12-08,286.42999267578125,281.54998779296875,286.010009765625,283.3999938964844,10747700,4.402468743951279,0.5,0.65
2020-12-09,287.6300048828125,271.75,283.6600036621094,277.9200134277344,25189700,4.305004960669598,0.0,0.55
2020-12-10,278.7300109863281,271.8599853515625,275.5400085449219,277.1199951171875,20065100,4.102377137495004,0.5,0.55
2020-12-11,276.4800109863281,270.25,274.5299987792969,273.54998779296875,14391400,4.69920933851669,0.0,0.45
2020-12-14,277.2200012207031,271.55999755859375,273.3699951171875,274.19000244140625,16376900,5.035368219568399,0.5,0.45
2020-12-15,276.0799865722656,267.4700012207031,274.8299865722656,275.54998779296875,23979500,4.821601971198155,0.5,0.4
2020-12-16,277.8599853515625,272.510009765625,274.760009765625,275.6700134277344,15885000,4.066222979224926,0.5,0.4
2020-12-17,280.44000244140625,273.6099853515625,277.07000732421875,274.4800109863281,16377800,4.04997709848633,0.5,0.45
2020-12-18,278.0,271.1400146484375,275.7699890136719,276.3999938964844,26693200,4.0045444801739665,0.5,0.45
2020-12-21,274.6700134277344,267.7900085449219,272.9800109863281,272.7900085449219,16553700,3.0175545412961715,0.0,0.35
2020-12-22,271.5,264.6300048828125,271.5,267.0899963378906,17312900,3.0453559472867693,0.0,0.3
2020-12-23,272.1700134277344,266.2300109863281,266.8900146484375,268.1099853515625,14329000,3.3748910056385983,0.5,0.35
2020-12-24,270.3999938964844,266.20001220703125,268.8800048828125,267.3999938964844,6702000,3.6066240837438017,0.5,0.35
2020-12-28,277.29998779296875,265.6600036621094,268.739990234375,277.0,23299700,3.8710925196298027,1.0,0.45
2020-12-29,280.510009765625,276.2799987792969,276.95001220703125,276.7799987792969,16383000,4.051795971402367,0.5,0.45
2020-12-30,278.0799865722656,271.7099914550781,277.95001220703125,271.8699951171875,11803800,3.9736409847349585,0.0,0.4
2020-12-31,277.0899963378906,269.80999755859375,272.0,273.1600036621094,12900400,3.8465741193362124,0.5,0.4
2021-01-04,275.0,265.20001220703125,274.7799987792969,268.94000244140625,15106100,3.929062469486165,0.0,0.35
2021-01-05,272.3999938964844,268.2099914550781,268.2900085449219,270.9700012207031,9871600,3.608488033081429,0.5,0.35
2021-01-06,267.75,260.010009765625,262.0,263.30999755859375,24354100,4.370712633848786,0.0,0.35
2021-01-07,271.6099853515625,264.7799987792969,265.8999938964844,268.739990234375,15789800,4.258945223756207,1.0,0.45
2021-01-08,268.95001220703125,263.17999267578125,268.30999755859375,267.57000732421875,18528300,4.297664613244317,0.5,0.45
2021-01-11,263.4700012207031,255.89999389648438,260.4800109863281,256.8399963378906,30412300,6.088481442931792,0.0,0.4
2021-01-12,259.7200012207031,250.3000030517578,256.6300048828125,251.08999633789062,26449900,7.818102814535828,0.0,0.3
2021-01-13,253.9499969482422,249.1999969482422,251.5500030517578,251.63999938964844,19528900,8.323416600261172,0.5,0.3
2021-01-14,255.02999877929688,244.61000061035156,253.39999389648438,245.63999938964844,29739400,9.727000387426704,0.0,0.3
2021-01-15,253.86000061035156,247.16000366210938,247.89999389648438,251.36000061035156,24942900,9.330444153460942,1.0,0.35
2021-01-19,262.20001220703125,252.72000122070312,256.8999938964844,261.1000061035156,28028500,8.772047125362802,1.0,0.45
2021-01-20,270.32000732421875,263.6000061035156,268.92999267578125,267.4800109863281,25199900,8.291471055726145,1.0,0.5
2021-01-21,273.6000061035156,267.489990234375,269.260009765625,272.8699951171875,20838700,9.38910426417851,1.0,0.6
2021-01-22,278.4700012207031,272.0,272.010009765625,274.5,21954000,10.167891502013124,0.5,0.55
2021-01-25,280.1000061035156,271.510009765625,278.1400146484375,278.010009765625,19087000,11.481590529984674,0.5,0.55
2021-01-26,285.3900146484375,277.80999755859375,278.1400146484375,282.04998779296875,19373600,13.106452815772837,0.5,0.6
2021-01-27,283.45001220703125,268.1199951171875,282.5299987792969,272.1400146484375,35346200,12.557546903120869,0.0,0.6
2021-01-28,286.7900085449219,264.70001220703125,277.17999267578125,265.0,37758800,11.569818665845368,0.0,0.55
2021-01-29,266.55999755859375,254.85000610351562,265.29998779296875,258.3299865722656,30389500,9.470313284504519,0.0,0.55
2021-02-01,264.1700134277344,254.91000366210938,259.5199890136719,262.010009765625,22914300,7.808687521518638,0.5,0.5
2021-02-02,268.8500061035156,263.2699890136719,264.0,267.0799865722656,17320800,7.320495486035333,1.0,0.5
2021-02-03,269.20001220703125,263.8399963378906,265.6199951171875,266.6499938964844,14223400,7.356193227994371,0.5,0.45
2021-02-04,268.1600036621094,264.0,267.010009765625,266.489990234375,16060000,7.343172778111494,0.5,0.4
2021-02-05,269.1700134277344,265.6700134277344,266.79998779296875,268.1000061035156,12441700,7.107558148804381,0.5,0.4
2021-02-08,269.8599853515625,265.0,268.75,266.5799865722656,13755200,6.296418725054078,0.5,0.4
2021-02-09,273.3900146484375,265.75,266.44000244140625,269.45001220703125,14613400,3.8237847834075454,0.5,0.4
2021-02-10,273.79998779296875,267.7200012207031,272.45001220703125,271.8699951171875,14687200,3.7777207824252925,1.0,0.5
2021-02-11,273.5799865722656,268.489990234375,271.8900146484375,270.3900146484375,12801300,3.973885903575723,0.5,0.55
2021-02-12,271.17999267578125,268.3399963378906,270.5199890136719,270.5,9069100,2.8248819013734034,0.5,0.6
2021-02-16,276.6000061035156,270.04998779296875,270.79998779296875,273.9700012207031,15417200,2.5686438703217505,1.0,0.65
2021-02-17,273.9700012207031,269.5799865722656,271.239990234375,273.57000732421875,12763200,2.808044661412052,0.5,0.6
2021-02-18,271.95001220703125,266.0299987792969,269.57000732421875,269.3900146484375,15249100,2.596930866309639,0.0,0.55
2021-02-19,270.2699890136719,260.1499938964844,269.8599853515625,261.55999755859375,25622600,3.6130185352774005,0.0,0.5
2021-02-22,263.07000732421875,257.5299987792969,257.95001220703125,260.3299865722656,17434900,4.64480050912459,0.5,0.5
2021-02-23,267.4599914550781,254.9600067138672,259.5,265.8599853515625,21924600,4.6877473203370705,1.0,0.55
2021-02-24,266.3800048828125,258.3900146484375,262.3299865722656,264.30999755859375,15736100,4.873161616406508,0.5,0.55
2021-02-25,266.94000244140625,254.0399932861328,262.29998779296875,254.69000244140625,19053100,6.257495884153747,0.0,0.45
2021-02-26,265.54998779296875,256.4700012207031,256.4700012207031,257.6199951171875,26593900,6.656016681328179,0.5,0.45
2021-03-01,266.6499938964844,257.8999938964844,260.82000732421875,264.9100036621094,22117000,6.388954887828165,1.0,0.5
2021-03-02,266.7099914550781,258.6499938964844,265.7799987792969,259.0,15151900,5.668140974540051,0.0,0.4
2021-03-03,260.989990234375,255.10000610351562,260.2900085449219,255.41000366210938,15476700,4.790713942144932,0.0,0.35
2021-03-04,266.489990234375,253.5,256.4700012207031,257.6400146484375,31570100,3.9565323606200007,0.5,0.4
2021-03-05,265.45001220703125,255.61000061035156,260.6700134277344,264.2799987792969,26808100,4.154098088629333,1.0,0.5
2021-03-08,265.5799865722656,255.0500030517578,265.54998779296875,255.30999755859375,18372700,4.456482918271475,0.0,0.45
2021-03-09,268.5299987792969,259.80999755859375,261.17999267578125,265.739990234375,22018400,4.4387873796161585,1.0,0.45
2021-03-10,268.9700012207031,262.8699951171875,268.6400146484375,264.8999938964844,14197500,4.507440405042885,0.5,0.45
2021-03-11,277.8999938964844,267.82000732421875,268.1099853515625,273.8800048828125,21816600,5.89166089951408,1.0,0.55
2021-03-12,269.739990234375,264.0199890136719,269.1400146484375,268.3999938964844,20590000,6.012801247188123,0.0,0.5
2021-03-15,275.9599914550781,268.5,269.0799865722656,273.75,16844800,6.915529058917841,1.0,0.5
2021-03-16,282.1400146484375,274.79998779296875,276.0799865722656,279.2799987792969,22178700,8.19638169911892,1.0,0.6
2021-03-17,286.2300109863281,275.4100036621094,275.7099914550781,284.010009765625,21073900,9.086667117244925,1.0,0.7
2021-03-18,285.19000244140625,278.2799987792969,279.8699951171875,278.6199951171875,18728300,8.656259734344923,0.0,0.65
2021-03-19,292.79998779296875,281.20001220703125,281.2200012207031,290.1099853515625,38905100,10.204278295378774,1.0,0.65
2021-03-22,299.7099914550781,286.75,290.45001220703125,293.5400085449219,28273100,9.828327963150848,0.5,0.7
2021-03-23,298.0,289.80999755859375,293.1499938964844,290.6300048828125,23000900,9.748511885971054,0.5,0.65
2021-03-24,291.7200012207031,281.1600036621094,291.0,282.1400146484375,18675000,8.246745294181165,0.0,0.6
2021-03-25,288.05999755859375,277.75,280.9800109863281,278.739990234375,24505600,7.887350750711746,0.5,0.55
2021-03-26,284.5,277.7699890136719,278.29998779296875,283.0199890136719,17620600,6.297082378207788,0.5,0.6
2021-03-29,293.17999267578125,284.70001220703125,285.7699890136719,290.82000732421875,21718800,5.6786242927589505,1.0,0.6
2021-03-30,292.4700012207031,286.70001220703125,289.8299865722656,288.0,17474500,5.346979022694021,0.0,0.5
2021-03-31,296.5,288.6099853515625,289.989990234375,294.5299987792969,19498200,5.923811949270444,1.0,0.5
2021-04-01,302.3999938964844,296.6000061035156,298.3999938964844,298.6600036621094,17616000,6.1535334530099535,1.0,0.6
2021-04-05,310.7699890136719,300.67999267578125,300.8900146484375,308.9100036621094,28237000,8.81861330266304,1.0,0.6
2021-04-06,311.3500061035156,305.25,308.8399963378906,306.260009765625,17335200,10.070403634324702,0.5,0.6
2021-04-07,314.25,305.5,306.3399963378906,313.0899963378906,22855200,12.0069506987509,1.0,0.65
2021-04-08,315.8800048828125,310.04998779296875,314.8500061035156,313.0199890136719,20894100,12.461011426984994,0.5,0.7
2021-04-09,314.739990234375,310.3299865722656,311.3999938964844,312.4599914550781,15983000,11.329968441950323,0.5,0.7
2021-04-12,312.1499938964844,307.92999267578125,311.04998779296875,311.5400085449219,10881900,9.825146225563357,0.5,0.7
2021-04-13,314.42999267578125,309.32000732421875,312.2099914550781,309.760009765625,14036900,8.835912016417199,0.5,0.65
2021-04-14,308.0299987792969,301.95001220703125,307.29998779296875,302.82000732421875,17421400,6.480598524525971,0.0,0.65
2021-04-15,310.1400146484375,304.1000061035156,306.3399963378906,307.82000732421875,14558300,4.745776057786324,1.0,0.65
2021-04-16,308.95001220703125,304.6099853515625,308.1700134277344,306.17999267578125,13054800,3.441511203160512,0.5,0.6
2021-04-19,307.70001220703125,300.55999755859375,305.010009765625,302.239990234375,14553500,4.086807844160178,0.0,0.5
2021-04-20,305.1000061035156,297.2099914550781,301.989990234375,302.6499938964844,16796400,4.451678350977579,0.5,0.5
2021-04-21,301.9800109863281,297.3900146484375,301.95001220703125,301.4700012207031,14863500,4.536999022868431,0.5,0.45
2021-04-22,302.9200134277344,296.0400085449219,301.3299865722656,296.5199890136719,16375400,5.071626690084138,0.0,0.4
2021-04-23,302.5899963378906,297.1499938964844,298.760009765625,301.1300048828125,17536800,4.543877896220407,1.0,0.45
