,High,Low,Open,Volume,Close and pred,std,trend,ema_trend
2018-01-02,181.5800018310547,177.5500030517578,177.67999267578125,18151900.0,181.4199981689453,0.0,0.5,0.0
2018-01-03,184.77999877929688,181.3300018310547,181.8800048828125,16886600.0,184.6699981689453,0.0,1.0,0.0
2018-01-04,186.2100067138672,184.1000061035156,184.8999938964844,13880900.0,184.3300018310547,0.0,0.0,0.0
2018-01-05,186.8999938964844,184.92999267578125,185.58999633789065,13574500.0,186.8500061035156,0.0,1.0,0.0
2018-01-08,188.8999938964844,186.3300018310547,187.1999969482422,17994700.0,188.27999877929688,0.0,1.0,0.0
2018-01-09,188.8000030517578,187.1000061035156,188.6999969482422,12393100.0,187.8699951171875,0.0,0.0,0.0
2018-01-10,187.88999938964844,185.6300048828125,186.94000244140625,10529900.0,187.83999633789065,0.0,0.0,0.0
2018-01-11,188.3999938964844,187.3800048828125,188.3999938964844,9588600.0,187.7700042724609,0.0,0.0,0.0
2018-01-12,181.47999572753903,177.39999389648438,178.05999755859375,77551300.0,179.3699951171875,0.0,0.0,0.0
2018-01-16,181.75,178.0399932861328,181.5,36183800.0,178.38999938964844,3.7400111411134676,0.0,0.35
2018-01-17,179.32000732421875,175.8000030517578,179.25999450683594,27992400.0,177.60000610351562,4.267720867227773,0.5,0.35
2018-01-18,180.97999572753903,177.0800018310547,178.1300048828125,23304900.0,179.8000030517578,4.492378019965544,0.5,0.3
2018-01-19,182.3699951171875,180.1699981689453,180.8500061035156,26826500.0,181.2899932861328,4.555692567396548,0.5,0.35
2018-01-22,185.38999938964844,180.41000366210935,180.8000030517578,21059500.0,185.3699951171875,4.457977492585771,1.0,0.35
2018-01-23,189.5500030517578,185.5500030517578,186.0500030517578,25678800.0,189.3500061035156,4.59982664391879,1.0,0.35
2018-01-24,190.66000366210935,186.5200042724609,189.88999938964844,24334500.0,186.5500030517578,4.476663796440602,0.0,0.35
2018-01-25,188.6199951171875,186.6000061035156,187.9499969482422,17377700.0,187.47999572753903,4.437670389587761,0.5,0.4
2018-01-26,190.0,186.80999755859372,187.75,17759200.0,190.0,4.733584729465322,1.0,0.5
2018-01-29,188.83999633789065,185.6300048828125,188.75,20453200.0,185.97999572753903,4.5475420857978985,0.0,0.5
2018-01-30,188.17999267578125,181.83999633789065,187.6199951171875,20858600.0,187.1199951171875,4.131208824317867,0.5,0.55
2018-01-31,189.8300018310547,185.22000122070312,188.3699951171875,43275100.0,186.88999938964844,3.210753820276424,0.5,0.55
2018-02-01,195.32000732421875,187.88999938964844,188.22000122070312,54211300.0,193.08999633789065,3.116230808577547,1.0,0.6
2018-02-02,194.2100067138672,189.97999572753903,192.0399932861328,26677500.0,190.27999877929688,2.400474913681026,0.0,0.55
2018-02-05,190.6100006103516,180.6100006103516,186.92999267578125,33128200.0,181.25999450683597,3.169585748958599,0.0,0.45
2018-02-06,185.7700042724609,177.74000549316406,178.57000732421875,37758500.0,185.30999755859372,3.207315914590244,1.0,0.45
2018-02-07,185.0800018310547,179.9499969482422,184.1499938964844,27601900.0,180.17999267578125,3.9423511837708687,0.0,0.45
2018-02-08,181.83999633789065,171.47999572753906,181.00999450683597,38478300.0,171.5800018310547,6.186726445447033,0.0,0.4
2018-02-09,176.89999389648438,167.17999267578125,174.75999450683594,39887600.0,176.11000061035156,6.531240137802219,1.0,0.4
2018-02-12,177.5500030517578,171.83999633789062,177.05999755859375,32092100.0,176.41000366210938,6.865632746394698,0.5,0.45
2018-02-13,175.97000122070312,173.10000610351562,175.6199951171875,21809400.0,173.14999389648438,7.301590002913825,0.0,0.4
2018-02-14,179.80999755859375,173.2100067138672,173.4499969482422,28929700.0,179.52000427246094,7.056634121544247,1.0,0.45
2018-02-15,180.5,176.83999633789062,180.5,20922100.0,179.9600067138672,5.554495504063005,0.5,0.4
2018-02-16,179.8800048828125,176.3000030517578,178.99000549316406,20645300.0,177.36000061035156,4.029698050987215,0.0,0.4
2018-02-20,177.9499969482422,175.11000061035156,175.77000427246094,21204900.0,176.00999450683594,3.9101648341524053,0.5,0.45
2018-02-21,181.2700042724609,176.39999389648438,176.7100067138672,23200800.0,177.91000366210938,2.831837748470247,0.5,0.4
2018-02-22,180.2100067138672,177.41000366210938,178.6999969482422,18464200.0,178.99000549316406,2.696687927794467,0.5,0.45
2018-02-23,183.38999938964844,179.50999450683594,179.89999389648438,19007300.0,183.2899932861328,2.767877978938331,1.0,0.55
2018-02-26,185.66000366210935,183.22000122070312,184.5800018310547,17599700.0,184.92999267578125,3.462487183391301,1.0,0.55
2018-02-27,184.6999969482422,181.4600067138672,184.4499969482422,15849800.0,181.4600067138672,3.4510442721737404,0.0,0.5
2018-02-28,182.8800048828125,178.13999938964844,182.3000030517578,18783000.0,178.32000732421875,2.750485715452061,0.0,0.5
2018-03-01,180.1199951171875,174.41000366210938,179.00999450683594,23201600.0,175.94000244140625,3.008268200694229,0.0,0.4
2018-03-02,177.11000061035156,172.99000549316406,173.2899932861328,20025900.0,176.6199951171875,3.124454074129637,0.5,0.4
2018-03-05,181.1499938964844,175.88999938964844,176.1999969482422,16189300.0,180.3999938964844,3.0858369717775553,1.0,0.5
2018-03-06,182.3800048828125,179.11000061035156,181.77999877929688,15086800.0,179.77999877929688,2.8485961600483343,0.5,0.5
2018-03-07,183.82000732421875,178.07000732421875,178.74000549316406,19097300.0,183.7100067138672,3.014781445557862,1.0,0.55
2018-03-08,184.3999938964844,181.4499969482422,183.55999755859372,17225900.0,182.33999633789065,3.03367432579587,0.0,0.5
2018-03-09,185.50999450683597,183.2100067138672,183.91000366210935,18526300.0,185.22999572753903,3.271875728835787,1.0,0.5
2018-03-12,186.1000061035156,184.22000122070312,185.22999572753903,15301200.0,184.75999450683597,3.2488148900163254,0.5,0.45
2018-03-13,185.9900054931641,181.1100006103516,185.6100006103516,18067500.0,181.8800048828125,3.2601858494202225,0.0,0.45
2018-03-14,184.25,181.8500061035156,182.6000061035156,16821700.0,184.19000244140625,3.272865895697282,1.0,0.55
2018-03-15,184.0,182.19000244140625,183.2400054931641,15614300.0,183.8600006103516,2.687953949623397,0.5,0.6
2018-03-16,185.3300018310547,183.41000366210935,184.4900054931641,24403400.0,185.08999633789065,1.9368656987071795,0.5,0.6
2018-03-19,177.1699981689453,170.05999755859375,177.00999450683594,88140100.0,172.55999755859375,3.8267248452777918,0.0,0.5
2018-03-20,170.1999969482422,161.9499969482422,167.47000122070312,129851800.0,168.14999389648438,5.89794087219147,0.0,0.45
2018-03-21,173.39999389648438,163.3000030517578,164.8000030517578,106598800.0,169.38999938964844,6.8725082492275495,0.5,0.4
2018-03-22,170.27000427246094,163.72000122070312,166.1300048828125,73743000.0,164.88999938964844,8.223064180219124,0.0,0.4
2018-03-23,166.60000610351562,159.02000427246094,165.44000244140625,53609700.0,159.38999938964844,9.637068048676838,0.0,0.3
2018-03-26,161.10000610351562,149.02000427246094,160.82000732421875,126116600.0,160.05999755859375,10.128865575386472,0.5,0.3
2018-03-27,162.85000610351562,150.75,156.30999755859375,79117000.0,152.22000122070312,11.475211013985406,0.0,0.3
2018-03-28,155.8800048828125,150.8000030517578,151.64999389648438,60029200.0,153.02999877929688,11.418347435596813,0.5,0.25
2018-03-29,161.4199981689453,154.13999938964844,155.14999389648438,59434300.0,159.7899932861328,9.869418850547673,1.0,0.3
2018-04-02,159.1999969482422,154.11000061035156,157.80999755859375,36796000.0,155.38999938964844,7.03111891344884,0.5,0.3
2018-04-03,157.38999938964844,150.80999755859375,156.5500030517578,42543900.0,156.11000061035156,6.001576087936362,0.5,0.35
2018-04-04,155.55999755859375,150.50999450683594,152.02999877929688,49885600.0,155.10000610351562,5.381075074738696,0.5,0.4
2018-04-05,161.57000732421875,156.64999389648438,161.55999755859375,41449600.0,159.33999633789062,3.84939623055405,1.0,0.45
2018-04-06,161.4199981689453,156.80999755859375,157.72999572753906,41644800.0,157.1999969482422,2.8561261080990974,0.0,0.45
2018-04-09,160.52999877929688,156.0399932861328,157.82000732421875,34915200.0,157.92999267578125,2.741951621060948,0.5,0.5
2018-04-10,165.97999572753906,157.00999450683594,157.92999267578125,57889300.0,165.0399932861328,3.7159902705401757,1.0,0.55
2018-04-11,168.64999389648438,163.25,165.36000061035156,56144600.0,166.32000732421875,4.2839162124308645,0.5,0.6
2018-04-12,167.4499969482422,163.10000610351562,166.97999572753906,38263000.0,163.8699951171875,4.106781092073007,0.0,0.55
2018-04-13,165.6999969482422,163.77000427246094,164.5800018310547,19990600.0,164.52000427246094,4.392402283040216,0.5,0.5
2018-04-16,165.77999877929688,163.38999938964844,165.72000122070312,18119400.0,164.8300018310547,4.285065569001343,0.5,0.5
2018-04-17,169.0,165.66000366210938,165.8300018310547,22743000.0,168.66000366210938,4.516842560139321,1.0,0.55
2018-04-18,168.1199951171875,165.77000427246094,166.8800048828125,20969600.0,166.36000061035156,3.8874389016180695,0.0,0.5
2018-04-19,168.3300018310547,165.1999969482422,166.1999969482422,22235000.0,168.10000610351562,3.8560148572838258,0.5,0.45
2018-04-20,168.42999267578125,165.80999755859375,167.7899932861328,19119400.0,166.27999877929688,2.9701118658179277,0.0,0.45
2018-04-23,168.4499969482422,165.08999633789062,167.27000427246094,23088100.0,165.83999633789062,1.521557234347964,0.5,0.45
2018-04-24,166.10000610351562,158.19000244140625,165.42999267578125,35079900.0,159.69000244140625,2.5094455345528326,0.0,0.35
2018-04-25,161.05999755859375,156.19000244140625,160.13999938964844,41083600.0,159.69000244140625,3.067048101218851,0.5,0.35
2018-04-26,176.27000427246094,170.8000030517578,173.22000122070312,77556900.0,174.16000366210938,4.231451613169458,1.0,0.45
2018-04-27,177.10000610351562,172.60000610351562,176.80999755859375,29804700.0,173.58999633789062,4.850314614491503,0.5,0.45
2018-04-30,175.72000122070312,171.7100067138672,173.7899932861328,20750500.0,172.0,5.065080549739936,0.5,0.45
2018-05-01,174.02000427246094,170.22999572753906,172.0,26025900.0,173.86000061035156,5.456398487036878,0.5,0.4
2018-05-02,178.0800018310547,174.1999969482422,174.25,30424500.0,176.07000732421875,5.979526212877068,0.5,0.45
2018-05-03,176.1199951171875,172.1199951171875,175.1300048828125,24026100.0,174.02000427246094,6.178195374229703,0.5,0.45
2018-05-04,176.97999572753906,173.05999755859375,173.0800018310547,17677800.0,176.61000061035156,6.43454621106791,0.5,0.5
2018-05-07,179.5,177.1699981689453,177.35000610351562,18697200.0,177.97000122070312,6.588847750960651,0.5,0.5
2018-05-08,179.0399932861328,177.11000061035156,178.25,15577200.0,178.9199981689453,5.365391759500934,0.5,0.55
2018-05-09,183.00999450683597,178.77999877929688,179.6699981689453,23282800.0,182.66000366210935,3.176855009343398,1.0,0.6
2018-05-10,186.1300048828125,182.5,183.1499938964844,21071400.0,185.52999877929688,4.2902681196173384,1.0,0.6
2018-05-11,188.32000732421875,184.17999267578125,184.8500061035156,21207800.0,186.9900054931641,5.083494351438604,0.5,0.6
2018-05-14,187.8600006103516,186.1999969482422,187.7100067138672,15646700.0,186.63999938964844,5.123336220133487,0.5,0.6
2018-05-15,185.2899932861328,183.1999969482422,184.8800048828125,15429400.0,184.32000732421875,4.804927830104482,0.0,0.55
2018-05-16,184.32000732421875,182.66000366210935,183.6999969482422,16975500.0,183.1999969482422,4.516912031121079,0.5,0.55
2018-05-17,184.05999755859372,182.22000122070312,182.67999267578125,14840700.0,183.75999450683597,3.6464539776806593,0.5,0.55
2018-05-18,184.19000244140625,182.6100006103516,183.4900054931641,13130500.0,182.67999267578125,2.9699057002861533,0.5,0.55
2018-05-21,185.3000030517578,183.1300048828125,183.7700042724609,13532900.0,184.4900054931641,2.323062203265631,1.0,0.6
2018-05-22,185.4199981689453,183.42999267578125,184.92999267578125,12731400.0,183.8000030517578,1.5352254926858522,0.5,0.6
2018-05-23,186.91000366210935,182.17999267578125,182.5,16628100.0,186.8999938964844,1.5838602721113881,1.0,0.6
2018-05-24,186.8000030517578,185.02999877929688,185.8800048828125,12354700.0,185.92999267578125,1.6083361501082125,0.0,0.5
2018-05-25,186.3300018310547,184.4499969482422,186.0200042724609,10965100.0,184.9199981689453,1.4284578520738378,0.0,0.45
2018-05-29,186.80999755859372,183.7100067138672,184.33999633789065,16398900.0,185.7400054931641,1.313884782365898,1.0,0.5
2018-05-30,188.0,185.25,186.5399932861328,13736900.0,187.6699981689453,1.6307835216965039,1.0,0.6
2018-05-31,192.72000122070312,187.47999572753903,187.8699951171875,30782600.0,191.77999877929688,2.6005002974233613,1.0,0.65
2018-06-01,194.5500030517578,192.07000732421875,193.07000732421875,17307200.0,193.9900054931641,3.558836997155802,1.0,0.7
2018-06-04,193.97999572753903,191.47000122070312,191.83999633789065,18939800.0,193.27999877929688,3.7709387410839468,0.5,0.7
2018-06-05,195.0,192.6199951171875,194.3000030517578,15544300.0,192.94000244140625,3.879549341326658,0.5,0.65
2018-06-06,192.52999877929688,189.1100006103516,191.02999877929688,22558900.0,191.33999633789065,3.540370242044697,0.5,0.65
2018-06-07,190.97000122070312,186.7700042724609,190.75,21503200.0,188.17999267578125,3.460203965447044,0.0,0.55
2018-06-08,189.47999572753903,186.42999267578125,187.52999877929688,12677100.0,189.1000061035156,3.226264998225879,0.5,0.6
2018-06-11,192.6000061035156,188.8000030517578,188.80999755859372,12928900.0,191.5399932861328,2.7338462011539915,1.0,0.7
2018-06-12,193.27999877929688,191.55999755859372,192.1699981689453,11562700.0,192.3999938964844,2.186732838510601,0.5,0.65
2018-06-13,194.5,191.91000366210935,192.7400054931641,15853800.0,192.41000366210935,1.813041899287642,0.5,0.6
2018-06-14,197.27999877929688,192.91000366210935,193.1000061035156,19120900.0,196.80999755859372,2.4312759205301604,1.0,0.6
2018-06-15,197.07000732421875,194.63999938964844,195.7899932861328,21860900.0,195.8500061035156,2.6452496566250594,0.5,0.55
2018-06-18,199.5800018310547,194.1300048828125,194.8000030517578,16826000.0,198.30999755859372,3.2446640881693627,1.0,0.6
2018-06-19,197.9600067138672,193.7899932861328,196.2400054931641,19994000.0,197.4900054931641,3.5567793230478713,0.5,0.6
2018-06-20,203.5500030517578,198.80999755859372,199.1000061035156,28230900.0,202.0,4.389687226430017,1.0,0.65
2018-06-21,203.38999938964844,200.08999633789065,202.75999450683597,19045700.0,201.5,4.309726525377938,0.5,0.7
2018-06-22,202.2400054931641,199.30999755859372,201.16000366210935,17420200.0,201.7400054931641,3.987090052364038,0.5,0.7
2018-06-25,200.0,193.1100006103516,200.0,25275100.0,196.3500061035156,3.516960131935649,0.0,0.6
2018-06-26,199.1000061035156,196.22999572753903,197.6000061035156,17897600.0,199.0,3.0439336034096143,1.0,0.65
2018-06-27,200.75,195.8000030517578,199.17999267578125,18734400.0,195.83999633789065,2.4637208736710385,0.0,0.6
2018-06-28,197.33999633789065,193.25999450683597,195.17999267578125,18172400.0,196.22999572753903,2.5139543326938476,0.5,0.55
2018-06-29,197.6000061035156,193.9600067138672,197.32000732421875,15811600.0,194.32000732421875,2.7260949495186537,0.0,0.5
2018-07-02,197.4499969482422,192.22000122070312,193.3699951171875,13961600.0,197.3600006103516,2.741366150638923,1.0,0.5
2018-07-03,195.3999938964844,192.5200042724609,194.5500030517578,13489500.0,192.72999572753903,3.2425137115871,0.0,0.45
2018-07-05,198.6499938964844,194.02999877929688,194.7400054931641,19684200.0,198.4499969482422,2.896108596548548,1.0,0.45
2018-07-06,203.63999938964844,197.6999969482422,198.4499969482422,19740100.0,203.22999572753903,3.2064630011551234,1.0,0.5
2018-07-09,205.8000030517578,202.1199951171875,204.92999267578125,18149400.0,204.7400054931641,3.7405091417995595,0.5,0.5
2018-07-10,204.91000366210935,202.25999450683597,204.5,13190100.0,203.5399932861328,4.099303835967908,0.5,0.55
2018-07-11,204.5,201.75,202.22000122070312,12927400.0,202.5399932861328,4.291406239699061,0.5,0.5
2018-07-12,207.0800018310547,203.19000244140625,203.42999267578125,15454700.0,206.9199981689453,4.81282978755602,1.0,0.6
2018-07-13,208.42999267578125,206.4499969482422,207.80999755859372,11486800.0,207.32000732421875,5.1143335993241665,0.5,0.6
2018-07-16,208.72000122070312,206.83999633789065,207.5,11078200.0,207.22999572753903,4.830023653868467,0.5,0.65
2018-07-17,210.4600067138672,204.83999633789065,204.8999938964844,15349900.0,209.9900054931641,5.011825220073614,1.0,0.65
2018-07-18,210.9900054931641,208.44000244140625,209.82000732421875,15334900.0,209.3600006103516,3.514028049492572,0.5,0.7
2018-07-19,209.9900054931641,207.75999450683597,208.7700042724609,11350400.0,208.08999633789065,2.6265137955431554,0.5,0.65
2018-07-20,211.5,208.5,208.8500061035156,16163900.0,209.94000244140625,2.6132809628067535,1.0,0.65
2018-07-23,211.6199951171875,208.8000030517578,210.5800018310547,16732000.0,210.91000366210935,2.7536647173476014,0.5,0.65
2018-07-24,216.1999969482422,212.6000061035156,215.1100006103516,28468700.0,214.6699981689453,3.157244076217486,1.0,0.7
2018-07-25,218.6199951171875,214.2700042724609,215.72000122070312,58954200.0,217.5,3.4466989843173113,1.0,0.75
2018-07-26,180.1300048828125,173.75,174.88999938964844,169803700.0,176.25999450683594,11.32180978862478,0.0,0.65
2018-07-27,179.92999267578125,173.0,179.8699951171875,60073700.0,174.88999938964844,15.230330976123364,0.5,0.65
2018-07-30,175.3000030517578,166.55999755859375,175.3000030517578,65280800.0,171.05999755859375,18.327451724422254,0.5,0.65
2018-07-31,174.24000549316406,170.0,170.6699981689453,40356500.0,172.5800018310547,19.875002616593775,0.5,0.6
2018-08-01,175.0800018310547,170.89999389648438,173.92999267578125,34042100.0,171.64999389648438,20.728512748859533,0.5,0.6
2018-08-02,176.7899932861328,170.27000427246094,170.67999267578125,32400000.0,176.3699951171875,20.547320761159572,0.5,0.6
2018-08-03,178.85000610351562,176.14999389648438,177.69000244140625,24763400.0,177.77999877929688,19.49703149385804,0.5,0.55
2018-08-06,185.7899932861328,178.3800048828125,178.97000122070312,49716200.0,185.69000244140625,17.498261812820346,0.5,0.55
2018-08-07,188.3000030517578,183.72000122070312,186.5,33398600.0,183.80999755859372,13.78521403737313,0.5,0.5
2018-08-08,186.8500061035156,183.75999450683597,184.75,22205200.0,185.17999267578125,5.532478047318498,0.5,0.45
2018-08-09,186.57000732421875,182.47999572753903,185.8500061035156,19732100.0,183.08999633789065,5.77496117141198,0.5,0.5
2018-08-10,182.1000061035156,179.4199981689453,182.0399932861328,21500400.0,180.25999450683597,5.6808450434770865,0.0,0.45
2018-08-13,182.6100006103516,178.89999389648438,180.10000610351562,17423300.0,180.0500030517578,4.999709401441779,0.5,0.45
2018-08-14,181.9900054931641,178.6199951171875,180.7100067138672,19102000.0,181.1100006103516,4.345019719236696,0.5,0.45
2018-08-15,180.8699951171875,174.77999877929688,179.33999633789062,33020200.0,179.52999877929688,3.0972642647962214,0.5,0.45
2018-08-16,180.5,174.00999450683594,180.4199981689453,31351800.0,174.6999969482422,3.4200420628407917,0.0,0.4
2018-08-17,176.22000122070312,172.0399932861328,174.5,24893200.0,173.8000030517578,4.029238767339418,0.5,0.4
2018-08-20,174.57000732421875,170.91000366210938,174.0399932861328,21518000.0,172.5,4.366990670770326,0.5,0.4
2018-08-21,174.1699981689453,171.38999938964844,172.80999755859375,19578500.0,172.6199951171875,4.542409334766769,0.5,0.4
2018-08-22,174.24000549316406,172.1300048828125,172.2100067138672,16894100.0,173.63999938964844,4.033142992642331,0.5,0.4
2018-08-23,175.5500030517578,172.8300018310547,173.08999633789062,18053600.0,172.89999389648438,3.626812757879986,0.5,0.4
2018-08-24,174.82000732421875,172.9199981689453,173.6999969482422,14631600.0,174.64999389648438,3.3359505279252413,0.5,0.45
2018-08-27,178.6699981689453,175.7899932861328,175.99000549316406,17921900.0,177.4600067138672,3.034695216199198,1.0,0.5
2018-08-28,178.24000549316406,175.8300018310547,178.10000610351562,15910700.0,176.25999450683594,2.300007018800891,0.5,0.5
2018-08-29,176.7899932861328,174.75,176.3000030517578,18494100.0,175.89999389648438,1.6724314422840998,0.5,0.5
2018-08-30,179.7899932861328,175.6999969482422,175.89999389648438,24216500.0,177.63999938964844,1.9568583628851723,1.0,0.6
2018-08-31,177.6199951171875,174.97999572753906,177.14999389648438,18065200.0,175.72999572753906,1.9493374859511716,0.0,0.55
2018-09-04,173.88999938964844,168.8000030517578,173.5,29809000.0,171.16000366210938,2.1686569247537912,0.0,0.5
2018-09-05,171.1300048828125,166.6699981689453,169.49000549316406,31226700.0,167.17999267578125,3.208267747786339,0.0,0.45
2018-09-06,166.97999572753906,160.0,166.97999572753906,41514800.0,162.52999877929688,4.9139748074198915,0.0,0.4
2018-09-07,164.6300048828125,160.16000366210938,160.30999755859375,24300600.0,163.0399932861328,5.864910477678763,0.5,0.4
2018-09-10,165.00999450683594,162.16000366210938,163.50999450683594,20197700.0,164.17999267578125,6.289216268157731,0.5,0.4
2018-09-11,167.19000244140625,163.72000122070312,163.94000244140625,20457100.0,165.94000244140625,6.046828966436614,0.5,0.35
2018-09-12,164.49000549316406,161.8000030517578,163.25,24078100.0,162.0,6.076366018063854,0.0,0.3
2018-09-13,163.32000732421875,160.86000061035156,162.0,25453800.0,161.36000061035156,5.852358278088778,0.5,0.3
2018-09-14,162.83999633789062,160.33999633789062,161.72000122070312,21770400.0,162.32000732421875,4.664308698226824,0.5,0.25
2018-09-17,162.05999755859375,159.77000427246094,161.9199981689453,21005300.0,160.5800018310547,3.227253376549233,0.5,0.3
2018-09-18,161.75999450683594,158.8699951171875,159.38999938964844,22465200.0,160.3000030517578,2.2359861933288845,0.5,0.35
2018-09-19,163.44000244140625,159.47999572753906,160.0800018310547,19629000.0,163.05999755859375,1.6786518331750124,1.0,0.45
2018-09-20,166.4499969482422,164.47000122070312,164.5,18936000.0,166.02000427246094,2.008758197767306,1.0,0.55
2018-09-21,167.25,162.80999755859375,166.63999938964844,45994800.0,162.92999267578125,2.0080857923132136,0.0,0.5
2018-09-24,165.6999969482422,160.8800048828125,161.02999877929688,19222800.0,165.41000366210938,2.1312067905107592,1.0,0.55
2018-09-25,165.58999633789062,161.14999389648438,161.99000549316406,27622800.0,164.91000366210938,1.993330939970002,0.5,0.55
2018-09-26,169.3000030517578,164.2100067138672,164.3000030517578,25252200.0,166.9499969482422,2.3336054093541327,1.0,0.65
2018-09-27,171.77000427246094,167.2100067138672,167.5500030517578,27266900.0,168.83999633789062,2.7706336902885167,1.0,0.7
2018-09-28,168.7899932861328,162.55999755859375,168.3300018310547,34265600.0,164.4600067138672,2.696788367372861,0.0,0.65
2018-10-01,165.8800048828125,161.25999450683594,163.02999877929688,26407700.0,162.44000244140625,2.4621158300632766,0.0,0.6
2018-10-02,162.27999877929688,158.6699981689453,161.5800018310547,36031000.0,159.3300018310547,2.658634302914367,0.0,0.55
2018-10-03,163.66000366210938,159.52999877929688,160.0,23109500.0,162.42999267578125,2.7019490911358086,1.0,0.55
2018-10-04,161.4600067138672,157.35000610351562,161.4600067138672,25739600.0,158.85000610351562,3.1329853158997163,0.0,0.45
2018-10-05,160.89999389648438,156.1999969482422,159.2100067138672,25744000.0,157.3300018310547,3.722071597550691,0.0,0.45
2018-10-08,158.33999633789062,154.38999938964844,155.5399932861328,24046000.0,157.25,4.039122426487435,0.5,0.4
2018-10-09,160.58999633789062,157.4199981689453,157.69000244140625,18844400.0,157.89999389648438,4.1388416556992285,0.5,0.4
2018-10-10,157.69000244140625,151.30999755859375,156.82000732421875,30610000.0,151.3800048828125,4.7734028901333065,0.0,0.3
2018-10-11,154.80999755859375,149.16000366210938,150.1300048828125,35338900.0,153.35000610351562,4.052459891863303,0.5,0.25
2018-10-12,156.88999938964844,151.3000030517578,156.72999572753906,25293500.0,153.74000549316406,3.694524791253829,0.5,0.3
2018-10-15,155.57000732421875,152.5500030517578,153.32000732421875,15433500.0,153.52000427246094,3.408188727548845,0.5,0.35
2018-10-16,159.4600067138672,155.00999450683594,155.39999389648438,19180100.0,158.77999877929688,3.3617090442902975,1.0,0.45
2018-10-17,160.49000549316406,157.9499969482422,159.55999755859375,17592000.0,159.4199981689453,2.865162933744786,0.5,0.4
2018-10-18,158.66000366210938,153.27999877929688,158.50999450683594,21675100.0,154.9199981689453,2.719814912499157,0.0,0.4
2018-10-19,157.35000610351562,153.5500030517578,155.86000061035156,19761300.0,154.0500030517578,2.707055198887195,0.5,0.45
2018-10-22,157.33999633789062,154.4600067138672,154.75999450683594,15424700.0,154.77999877929688,2.634351869826383,0.5,0.45
2018-10-23,154.77000427246094,150.85000610351562,151.22000122070312,19095000.0,154.38999938964844,2.4603546286183393,0.5,0.45
2018-10-24,154.64999389648438,145.60000610351562,154.27999877929688,27744600.0,146.0399932861328,3.605895508201227,0.0,0.45
2018-10-25,152.2100067138672,147.0,147.72999572753906,22105700.0,150.9499969482422,3.7529480561864097,1.0,0.5
2018-10-26,149.0,143.8000030517578,145.82000732421875,31303300.0,145.3699951171875,4.6565713050397335,0.0,0.45
2018-10-29,148.8300018310547,139.02999877929688,148.5,31336800.0,142.08999633789062,5.830199783384284,0.0,0.4
2018-10-30,146.63999938964844,139.74000549316406,139.94000244140625,50528300.0,146.22000122070312,5.573450343874804,1.0,0.4
2018-10-31,156.39999389648438,148.9600067138672,155.0,60101300.0,151.7899932861328,4.723171131812007,1.0,0.45
2018-11-01,152.75,149.35000610351562,151.52000427246094,25640800.0,151.75,4.459779807016775,0.5,0.5
2018-11-02,154.1300048828125,148.9600067138672,151.8000030517578,24708700.0,150.35000610351562,4.209194829476348,0.5,0.5
2018-11-05,150.19000244140625,147.44000244140625,150.10000610351562,15971200.0,148.67999267578125,3.7561724325890276,0.5,0.5
2018-11-06,150.97000122070312,148.0,149.30999755859375,16667100.0,149.94000244140625,3.2441644123151128,0.5,0.5
2018-11-07,153.00999450683594,149.8300018310547,151.57000732421875,21877400.0,151.52999877929688,3.280160140766111,0.5,0.55
2018-11-08,150.94000244140625,146.74000549316406,150.49000549316406,24145800.0,147.8699951171875,3.206617216117718,0.0,0.45
2018-11-09,147.75999450683594,144.07000732421875,146.75,17326900.0,144.9600067138672,3.254189362563527,0.0,0.45
2018-11-12,145.0399932861328,140.49000549316406,144.47999572753906,18542100.0,141.5500030517578,3.3749456948964838,0.0,0.45
2018-11-13,144.8800048828125,141.6199951171875,142.0,15141700.0,142.16000366210938,3.8811339520668136,0.5,0.4
2018-11-14,145.5800018310547,141.5500030517578,143.6999969482422,22068400.0,144.22000122070312,3.809940103236732,0.5,0.35
2018-11-15,144.83999633789062,140.8300018310547,142.3300018310547,30320300.0,143.85000610351562,3.5980793527637545,0.5,0.35
2018-11-16,141.77000427246094,137.77000427246094,141.07000732421875,37250600.0,139.52999877929688,3.9271811198212134,0.0,0.3
2018-11-19,137.75,131.2100067138672,137.61000061035156,44362700.0,131.5500030517578,5.691306642251514,0.0,0.25
2018-11-20,134.16000366210938,126.8499984741211,127.02999877929688,41939500.0,132.42999267578125,6.231590831835189,0.5,0.25
2018-11-21,137.19000244140625,134.1300048828125,134.39999389648438,25469700.0,134.82000732421875,5.589015879400917,0.5,0.25
2018-11-23,134.5,131.25999450683594,133.64999389648438,11886100.0,131.72999572753906,5.4876675147429586,0.0,0.25
2018-11-26,137.0,132.77999877929688,133.0,24263600.0,136.3800048828125,5.049976174453941,1.0,0.35
2018-11-27,136.61000061035156,133.7100067138672,135.75,20750300.0,135.0,4.93621288820802,0.5,0.4
2018-11-28,136.7899932861328,131.85000610351562,136.27999877929688,29847500.0,136.75999450683594,4.614173232977106,0.5,0.4
2018-11-29,139.99000549316406,135.66000366210938,135.9199981689453,24238700.0,138.67999267578125,3.8745221679672692,0.5,0.4
2018-11-30,140.97000122070312,137.36000061035156,138.25999450683594,25732600.0,140.61000061035156,3.2345372766562095,0.5,0.4
2018-12-03,143.67999267578125,140.75999450683594,143.0,24819200.0,141.08999633789062,3.46645859099283,0.5,0.45
2018-12-04,143.38999938964844,137.16000366210938,140.72999572753906,30307400.0,137.92999267578125,3.1483893977937707,0.0,0.45
2018-12-06,139.6999969482422,133.6699981689453,133.82000732421875,28218100.0,139.6300048828125,2.9181422370355707,0.5,0.45
2018-12-07,140.8699951171875,136.66000366210938,139.25,21195500.0,137.4199981689453,2.7892737487161283,0.0,0.4
2018-12-10,143.0500030517578,139.00999450683594,139.60000610351562,26422200.0,141.85000610351562,2.234653695688905,1.0,0.5
2018-12-11,143.8800048828125,141.10000610351562,143.8800048828125,20300300.0,142.0800018310547,2.347981217982616,0.5,0.45
2018-12-12,147.19000244140625,142.50999450683594,143.0800018310547,23696900.0,144.5,2.423201862397726,1.0,0.5
2018-12-13,145.85000610351562,143.19000244140625,145.57000732421875,18148600.0,145.00999450683594,2.5762989150619333,0.5,0.5
2018-12-14,146.00999450683594,142.50999450683594,143.33999633789062,21785800.0,144.05999755859375,2.6270762164779677,0.5,0.5
2018-12-17,144.9199981689453,138.4199981689453,143.0800018310547,24334000.0,140.19000244140625,2.644727239737259,0.0,0.45
2018-12-18,145.92999267578125,139.8300018310547,141.0800018310547,24709100.0,143.66000366210938,2.737103563300761,1.0,0.5
2018-12-19,144.91000366210938,132.5,141.2100067138672,57404900.0,133.24000549316406,3.681124836165018,0.0,0.5
2018-12-20,135.57000732421875,130.0,130.6999969482422,40297900.0,133.39999389648438,4.422185041278438,0.5,0.5
2018-12-21,134.89999389648438,123.41999816894533,133.38999938964844,56901500.0,124.9499969482422,6.61471528465223,0.0,0.5
2018-12-24,129.74000549316406,123.0199966430664,123.0999984741211,22066000.0,124.05999755859376,8.080727113463393,0.5,0.45
2018-12-26,134.24000549316406,125.88999938964844,126.0,39723400.0,134.17999267578125,7.97025974877522,1.0,0.5
2018-12-27,134.99000549316406,129.6699981689453,132.44000244140625,31202500.0,134.52000427246094,7.49945689438232,0.5,0.45
2018-12-28,135.9199981689453,132.1999969482422,135.33999633789062,22627600.0,133.1999969482422,6.769546272526003,0.5,0.45
2018-12-31,134.63999938964844,129.9499969482422,134.4499969482422,24625300.0,131.08999633789062,5.935266605061195,0.5,0.45
2019-01-02,137.50999450683594,128.55999755859375,128.99000549316406,28146200.0,135.67999267578125,5.5049946002523855,1.0,0.55
2019-01-03,137.1699981689453,131.1199951171875,134.69000244140625,22717900.0,131.74000549316406,3.9675382314594683,0.0,0.45
2019-01-04,138.0,133.75,134.00999450683594,29002100.0,137.9499969482422,4.435089559578131,1.0,0.55
2019-01-07,138.8699951171875,135.91000366210938,137.55999755859375,20089300.0,138.0500030517578,4.81657316071957,0.5,0.55
2019-01-08,143.13999938964844,139.5399932861328,139.88999938964844,26263800.0,142.52999877929688,4.944249364894276,1.0,0.65
2019-01-09,144.6999969482422,141.27000427246094,142.9499969482422,22205900.0,144.22999572753906,4.3852626949017655,0.5,0.65
2019-01-10,144.55999755859375,140.83999633789062,143.0800018310547,16125000.0,144.1999969482422,4.95097730417328,0.5,0.6
2019-01-11,145.36000061035156,142.57000732421875,143.14999389648438,12908000.0,143.8000030517578,5.2299011667604915,0.5,0.6
2019-01-14,146.57000732421875,141.27000427246094,142.0,20520300.0,145.38999938964844,5.342257270267347,0.5,0.6
2019-01-15,150.67999267578125,145.99000549316406,146.00999450683594,24069000.0,148.9499969482422,5.2148106888540555,1.0,0.65
2019-01-16,149.64999389648438,147.0,149.0,18025700.0,147.5399932861328,5.155082855702257,0.5,0.6
2019-01-17,149.0,146.5,146.9499969482422,15787900.0,148.3000030517578,3.8248687559776564,0.5,0.65
2019-01-18,152.42999267578125,148.5500030517578,149.75,31029600.0,150.0399932861328,3.569249555582175,0.5,0.6
2019-01-22,151.52999877929688,146.3699951171875,149.1999969482422,22378700.0,147.57000732421875,2.5413518325065656,0.0,0.55
2019-01-23,148.8000030517578,143.05999755859375,148.27999877929688,20098400.0,144.3000030517578,2.3036037953004267,0.0,0.45
2019-01-24,146.44000244140625,142.52000427246094,144.63999938964844,20955500.0,145.8300018310547,2.1862421736578845,1.0,0.5
2019-01-25,149.8300018310547,146.5399932861328,147.47999572753906,22237200.0,149.00999450683594,2.1299010546266732,1.0,0.55
2019-01-28,148.9600067138672,146.2100067138672,148.0500030517578,15508500.0,147.47000122070312,1.7927794048011783,0.0,0.5
2019-01-29,148.10000610351562,143.42999267578125,148.08999633789062,17632100.0,144.19000244140625,1.9760370791763462,0.0,0.45
2019-01-30,150.9499969482422,145.6999969482422,146.22000122070312,44613200.0,150.4199981689453,2.157146056432331,1.0,0.45
2019-01-31,171.67999267578125,165.0,165.60000610351562,77233600.0,166.69000244140625,6.452611260995716,1.0,0.5
2019-02-01,169.10000610351562,165.66000366210938,165.83999633789062,30806500.0,165.7100067138672,8.23170001591032,0.5,0.5
2019-02-04,169.3000030517578,163.6199951171875,165.6999969482422,20036000.0,169.25,10.002003764918468,0.5,0.5
2019-02-05,171.97999572753906,168.69000244140625,169.14999389648438,22557000.0,171.16000366210938,11.269116254714143,0.5,0.55
2019-02-06,172.47000122070312,169.27000427246094,171.1999969482422,13281200.0,170.49000549316406,11.44400050321789,0.5,0.6
2019-02-07,169.24000549316406,165.25,168.1999969482422,17517600.0,166.3800048828125,10.84059973563868,0.5,0.55
2019-02-08,167.3699951171875,164.2100067138672,164.47000122070312,12561400.0,167.3300018310547,10.296884697335791,0.5,0.5
2019-02-11,168.3000030517578,165.0800018310547,167.89999389648438,12811200.0,165.7899932861328,8.989176356067754,0.5,0.55
2019-02-12,168.33999633789062,164.5,166.86000061035156,16292300.0,165.0399932861328,5.804416052005736,0.5,0.6
2019-02-13,166.22000122070312,163.72999572753906,165.3800048828125,14205100.0,164.07000732421875,2.364729901134926,0.5,0.55
2019-02-14,164.8699951171875,162.25,163.19000244140625,12755200.0,163.9499969482422,2.57832583782787,0.5,0.5
2019-02-15,164.6999969482422,160.86000061035156,164.50999450683594,15504400.0,162.5,2.9221857810672334,0.0,0.45
2019-02-19,164.14999389648438,160.3300018310547,160.5,14345400.0,162.2899932861328,3.0460602144686155,0.5,0.45
2019-02-20,163.72000122070312,161.25,162.25,11770700.0,162.55999755859375,2.5733314498408895,0.5,0.45
2019-02-21,162.24000549316406,159.58999633789062,161.92999267578125,15607800.0,160.0399932861328,2.2104683201828266,0.0,0.4
2019-02-22,162.41000366210938,160.30999755859375,160.5800018310547,15858500.0,161.88999938964844,2.126611275495257,1.0,0.45
2019-02-25,166.07000732421875,162.89999389648438,163.07000732421875,18737100.0,164.6199951171875,1.725709154306828,1.0,0.5
2019-02-26,166.24000549316406,163.8000030517578,164.33999633789062,13784100.0,164.1300048828125,1.525083772051901,0.5,0.5
2019-02-27,163.92999267578125,160.41000366210938,162.89999389648438,12697500.0,162.80999755859375,1.3661094580219155,0.0,0.45
2019-02-28,163.5,160.86000061035156,162.3699951171875,11114200.0,161.4499969482422,1.365042684301774,0.0,0.4
2019-03-01,163.1300048828125,161.69000244140625,162.60000610351562,11097800.0,162.27999877929688,1.2845771010213805,1.0,0.45
2019-03-04,167.5,163.8300018310547,163.89999389648438,18894700.0,167.3699951171875,2.0170179948487053,1.0,0.55
2019-03-05,171.8800048828125,166.5500030517578,167.3699951171875,28187900.0,171.25999450683594,3.2879789867967335,1.0,0.6
2019-03-06,173.57000732421875,171.27000427246094,172.89999389648438,21531700.0,172.50999450683594,4.2283114620191045,0.5,0.6
2019-03-07,171.74000549316406,167.61000061035156,171.5,18306500.0,169.1300048828125,4.056292521795524,0.0,0.6
2019-03-08,169.6199951171875,165.97000122070312,166.1999969482422,13184800.0,169.60000610351562,3.9740440001450676,0.5,0.55
2019-03-11,174.3000030517578,171.5800018310547,171.60000610351562,18884000.0,172.07000732421875,4.266655512592422,1.0,0.55
2019-03-12,173.8000030517578,171.22000122070312,172.08999633789062,12155300.0,171.9199981689453,4.34196417908193,0.5,0.55
2019-03-13,174.02999877929688,172.1199951171875,172.32000732421875,11973300.0,173.3699951171875,4.210812231636217,0.5,0.6
2019-03-14,171.14999389648438,168.16000366210938,169.75999450683594,18037400.0,170.1699981689453,3.243227799306021,0.0,0.6
2019-03-15,167.5800018310547,162.50999450683594,167.16000366210938,37135400.0,165.97999572753906,2.3592974945373926,0.0,0.5
2019-03-18,163.89999389648438,159.27999877929688,163.57000732421875,37524200.0,160.47000122070312,3.857228467254582,0.0,0.4
2019-03-19,163.82000732421875,160.82000732421875,161.47999572753906,25611500.0,161.57000732421875,4.560333186869274,0.5,0.35
2019-03-20,166.1199951171875,161.24000549316406,161.5,20211500.0,165.44000244140625,4.44704481840972,1.0,0.4
2019-03-21,166.38999938964844,163.75,164.88999938964844,16223000.0,166.0800018310547,4.4633608227446295,0.5,0.45
2019-03-22,167.4199981689453,164.08999633789062,165.64999389648438,16389200.0,164.33999633789062,4.519832754159049,0.5,0.45
2019-03-25,166.5399932861328,162.0,163.0,12631200.0,166.2899932861328,4.175966160467503,0.5,0.4
2019-03-26,169.4499969482422,166.35000610351562,167.35000610351562,15437900.0,167.67999267578125,3.766824630300509,0.5,0.4
2019-03-27,168.94000244140625,164.7899932861328,167.85000610351562,10620300.0,165.8699951171875,2.7860916391848956,0.0,0.35
2019-03-28,166.72000122070312,163.3300018310547,164.57000732421875,10443000.0,165.5500030517578,2.233439995892899,0.5,0.4
2019-03-29,167.19000244140625,164.80999755859375,166.38999938964844,13455500.0,166.69000244140625,2.281404444395679,0.5,0.45
2019-04-01,168.89999389648438,167.27999877929688,167.8300018310547,10381500.0,168.6999969482422,1.9227292140366972,1.0,0.55
2019-04-02,174.89999389648438,169.5500030517578,170.13999938964844,23946500.0,174.1999969482422,2.778028829501205,1.0,0.6
2019-04-03,177.9600067138672,172.9499969482422,174.5,27391100.0,173.5399932861328,3.3644078960518375,0.5,0.55
2019-04-04,178.0,175.52999877929688,176.02000427246094,17847700.0,176.02000427246094,4.14640689781442,1.0,0.6
2019-04-05,177.0,175.10000610351562,176.8800048828125,9594100.0,175.72000122070312,4.317608932689783,0.5,0.6
2019-04-08,175.5,174.22999572753906,175.2100067138672,7297400.0,174.92999267578125,4.351273082838308,0.5,0.6
2019-04-09,179.19000244140625,175.5500030517578,175.6199951171875,19751000.0,177.5800018310547,4.655381576684825,1.0,0.65
2019-04-10,178.7899932861328,176.5399932861328,178.17999267578125,11701500.0,177.82000732421875,4.4713467638234,0.5,0.7
2019-04-11,178.39999389648438,177.0,178.24000549316406,8071000.0,177.50999450683594,3.781180512092352,0.5,0.7
2019-04-12,179.6300048828125,177.9499969482422,178.0,12329800.0,179.10000610351562,2.9650353692620697,0.5,0.7
2019-04-15,180.5,176.8699951171875,178.5,10834800.0,179.64999389648438,2.050807102789456,0.5,0.65
2019-04-16,180.1699981689453,178.3000030517578,179.0,11215200.0,178.8699951171875,1.9719953314684118,0.5,0.6
2019-04-17,180.7400054931641,178.36000061035156,179.60000610351562,9973700.0,178.77999877929688,1.5872535029922348,0.5,0.6
2019-04-18,178.8800048828125,177.33999633789062,178.8000030517578,11655600.0,178.27999877929688,1.4958705892383992,0.5,0.55
2019-04-22,181.6699981689453,178.25,178.25,13389900.0,181.44000244140625,1.683762055837476,1.0,0.6
2019-04-23,184.22000122070312,181.47999572753903,182.7400054931641,19954800.0,183.77999877929688,1.9623535288958804,1.0,0.65
2019-04-24,185.13999938964844,181.6499938964844,184.4900054931641,37289900.0,182.5800018310547,2.112068577992373,0.0,0.55
2019-04-25,198.47999572753903,192.1199951171875,196.97999572753903,54148800.0,193.25999450683597,4.6445426860546055,1.0,0.6
2019-04-26,192.8999938964844,189.08999633789065,192.5,22075000.0,191.4900054931641,5.409611123549325,0.5,0.6
2019-04-29,195.41000366210935,190.6499938964844,190.9499969482422,19641300.0,194.77999877929688,6.420747306189324,1.0,0.65
2019-04-30,197.38999938964844,192.27999877929688,194.19000244140625,23494700.0,193.3999938964844,6.778746014596143,0.5,0.65
2019-05-01,196.17999267578125,193.00999450683597,194.77999877929688,15996600.0,193.02999877929688,6.679611065678509,0.5,0.65
2019-05-02,194.0,189.75,193.0,13209500.0,192.52999877929688,6.1770729687319115,0.5,0.65
2019-05-03,196.16000366210935,193.7100067138672,194.3800048828125,14575400.0,195.47000122070312,5.369329725499976,0.5,0.65
2019-05-06,194.27999877929688,190.5500030517578,191.2400054931641,13994900.0,193.8800048828125,4.489419187021333,0.5,0.6
2019-05-07,192.8999938964844,187.8500061035156,192.5399932861328,16253000.0,189.7700042724609,3.68418264800734,0.0,0.5
2019-05-08,190.72000122070312,188.5500030517578,189.38999938964844,12505700.0,189.5399932861328,1.9540684738668186,0.5,0.55
2019-05-09,189.7700042724609,186.25999450683597,187.1999969482422,12967000.0,188.6499938964844,2.3206199321156755,0.0,0.45
2019-05-10,190.0,184.58999633789065,188.25,12578500.0,188.33999633789065,2.6291310116323743,0.5,0.45
2019-05-13,185.42999267578125,180.83999633789065,183.5,16833300.0,181.5399932861328,4.010392317891505,0.0,0.35
2019-05-14,183.4900054931641,178.10000610351562,182.5200042724609,17628100.0,180.72999572753903,4.9289777829300805,0.5,0.35
2019-05-15,187.27999877929688,180.02000427246094,180.4199981689453,16746900.0,186.2700042724609,4.830465374061876,1.0,0.4
2019-05-16,188.5800018310547,185.0500030517578,185.0500030517578,12953100.0,186.9900054931641,4.653270586907985,0.5,0.4
2019-05-17,187.5800018310547,184.27999877929688,184.83999633789065,10485400.0,185.3000030517578,3.9217715395077337,0.5,0.4
2019-05-20,184.22999572753903,181.3699951171875,181.8800048828125,10352000.0,182.72000122070312,3.3200784920651905,0.0,0.35
2019-05-21,185.6999969482422,183.88999938964844,184.57000732421875,7502800.0,184.82000732421875,3.0511743693729443,1.0,0.45
2019-05-22,186.7400054931641,183.6100006103516,184.72999572753903,9213800.0,185.32000732421875,2.700465060354082,0.5,0.45
2019-05-23,183.8999938964844,179.6699981689453,182.4199981689453,12768800.0,180.8699951171875,2.674412559527128,0.0,0.45
2019-05-24,183.6300048828125,180.8300018310547,182.3300018310547,8807700.0,181.05999755859372,2.429059337571516,0.5,0.45
2019-05-28,184.7100067138672,181.4499969482422,181.5399932861328,14843300.0,184.30999755859372,2.3287253182441874,1.0,0.55
2019-05-29,184.55999755859372,181.3500061035156,183.5,12797700.0,182.19000244140625,2.151143716845991,0.0,0.5
2019-05-30,183.47999572753903,180.88999938964844,183.0800018310547,8581500.0,183.00999450683597,2.0086870328190005,0.5,0.45
2019-05-31,180.5399932861328,177.16000366210938,180.27999877929688,15226500.0,177.47000122070312,2.4598666314864985,0.0,0.4
2019-06-03,175.0500030517578,161.00999450683594,175.0,56059600.0,164.14999389648438,6.212577274783815,0.0,0.35
2019-06-04,168.27999877929688,160.83999633789062,163.7100067138672,46044300.0,167.5,7.386716855060987,0.5,0.4
2019-06-05,168.72000122070312,164.6300048828125,167.47999572753906,19758300.0,168.1699981689453,7.810942738026631,0.5,0.35
2019-06-06,169.6999969482422,167.22999572753906,168.3000030517578,12446400.0,168.3300018310547,7.74553361470858,0.5,0.35
2019-06-07,173.8699951171875,168.83999633789062,170.1699981689453,16917300.0,173.35000610351562,7.551073730577305,1.0,0.45
2019-06-10,177.86000061035156,173.8000030517578,174.75,14767900.0,174.82000732421875,7.241925941056631,0.5,0.45
2019-06-11,179.97999572753906,176.7899932861328,178.47999572753906,15266600.0,178.10000610351562,6.521465591719344,0.5,0.4
2019-06-12,179.27000427246094,172.8800048828125,178.3800048828125,17699800.0,175.0399932861328,5.845202357333854,0.0,0.4
2019-06-13,178.02999877929688,174.61000061035156,175.52999877929688,12253600.0,177.47000122070312,4.990466539028137,0.5,0.4
2019-06-14,181.83999633789065,180.0,180.50999450683597,16773700.0,181.3300018310547,5.541600844032657,1.0,0.5
2019-06-17,189.5,184.41000366210935,185.00999450683597,29459900.0,189.00999450683597,6.676914156928607,1.0,0.6
2019-06-18,194.52999877929688,187.27999877929688,194.0,37571400.0,188.47000122070312,7.221589217359015,0.5,0.6
2019-06-19,188.1000061035156,184.5500030517578,187.0,21417100.0,187.47999572753903,7.056441597502675,0.5,0.6
2019-06-20,191.16000366210935,187.63999938964844,190.9499969482422,14635700.0,189.52999877929688,6.547368442814596,0.5,0.6
2019-06-21,192.0,188.75,188.75,22751200.0,191.13999938964844,6.515744018980232,0.5,0.55
2019-06-24,193.97999572753903,191.57000732421875,192.4199981689453,15509000.0,192.6000061035156,6.387752562472042,0.5,0.55
2019-06-25,193.13999938964844,188.1300048828125,192.8800048828125,16750300.0,188.83999633789065,5.985781361224915,0.0,0.5
2019-06-26,190.75999450683597,187.30999755859372,189.5399932861328,12808600.0,187.66000366210935,4.55676289489136,0.5,0.55
2019-06-27,198.8800048828125,188.2700042724609,189.8800048828125,11159000.0,189.5,2.969112338819376,0.5,0.55
2019-06-28,193.1999969482422,189.94000244140625,190.5500030517578,16378900.0,193.0,1.9222631094937177,1.0,0.55
2019-07-01,195.27999877929688,191.92999267578125,195.2100067138672,14181800.0,193.0,2.1575243104509507,0.5,0.5
2019-07-02,195.0,192.7100067138672,193.0,9050000.0,195.0,2.5537748614090194,1.0,0.55
2019-07-03,197.3999938964844,194.16000366210935,194.16000366210935,10246100.0,197.1999969482422,2.975298017588938,1.0,0.6
2019-07-05,197.07000732421875,194.1699981689453,196.17999267578125,11164100.0,196.3999938964844,3.1917803715355317,0.5,0.6
2019-07-08,196.67999267578125,193.63999938964844,195.19000244140625,9723900.0,195.75999450683597,3.3156284344246814,0.5,0.6
2019-07-09,199.4600067138672,194.88999938964844,194.97000122070312,14698600.0,199.2100067138672,3.863653943009483,1.0,0.65
2019-07-10,202.9600067138672,199.6699981689453,200.0,20571700.0,202.72999572753903,4.4340968882422915,1.0,0.75
2019-07-11,203.8000030517578,200.2100067138672,203.25999450683597,13678500.0,201.22999572753903,4.013025338710202,0.5,0.75
2019-07-12,205.3000030517578,199.16000366210935,199.67999267578125,15366300.0,204.8699951171875,4.061038774169703,1.0,0.8
2019-07-15,205.3300018310547,201.82000732421875,204.25,16030300.0,203.91000366210935,4.081732970846331,0.5,0.75
2019-07-16,205.47000122070312,203.1000061035156,203.88999938964844,12132700.0,203.83999633789065,3.7581890846897275,0.5,0.75
2019-07-17,204.3600006103516,201.58999633789065,204.17999267578125,12083700.0,201.8000030517578,3.3421201282297774,0.0,0.65
2019-07-18,202.47000122070312,199.3800048828125,200.1499938964844,11937900.0,200.77999877929688,3.1098133710289657,0.5,0.6
2019-07-19,202.3300018310547,198.07000732421875,202.17999267578125,12098300.0,198.3600006103516,2.8334524791636984,0.0,0.55
2019-07-22,202.57000732421875,198.80999755859372,199.91000366210935,13589000.0,202.32000732421875,2.0808809017592083,1.0,0.6
2019-07-23,204.2400054931641,200.9600067138672,202.83999633789065,14583700.0,202.3600006103516,1.8535964025369658,0.5,0.55
2019-07-24,204.80999755859372,197.22000122070312,197.6300048828125,32532500.0,204.66000366210935,2.0067499139906446,1.0,0.55
2019-07-25,208.66000366210935,198.25999450683597,206.6999969482422,39889900.0,200.7100067138672,2.047140434580059,0.0,0.5
2019-07-26,202.8800048828125,196.25,200.19000244140625,24434000.0,199.75,1.9893578355826507,0.0,0.4
2019-07-29,199.6300048828125,195.3000030517578,199.0,16530800.0,195.94000244140625,2.58057613220609,0.0,0.35
2019-07-30,198.7100067138672,193.5,195.38999938964844,11903600.0,197.0399932861328,2.6590235315316635,0.5,0.35
2019-07-31,198.75999450683597,192.67999267578125,196.9499969482422,14593500.0,194.22999572753903,3.2246998637143895,0.0,0.35
2019-08-01,198.47000122070312,190.8800048828125,194.1699981689453,17777000.0,192.72999572753903,3.846412822387839,0.0,0.3
2019-08-02,192.6199951171875,188.07000732421875,191.1000061035156,15297000.0,189.0200042724609,4.944941293200561,0.0,0.3
2019-08-05,185.6699981689453,179.33999633789062,184.69000244140625,23086700.0,181.72999572753903,6.820080114120116,0.0,0.2
2019-08-06,185.7899932861328,183.08999633789065,183.69000244140625,18035700.0,184.50999450683597,7.240293677101731,0.5,0.2
2019-08-07,186.3699951171875,181.22000122070312,183.6000061035156,15833200.0,185.1499938964844,6.663900795338449,0.5,0.15
2019-08-08,190.33999633789065,184.0500030517578,186.6199951171875,14828900.0,190.16000366210935,5.942019302921323,1.0,0.25
2019-08-09,190.97999572753903,187.1199951171875,190.0,11058800.0,187.8500061035156,5.137942378184055,0.5,0.3
2019-08-12,187.58999633789065,184.4600067138672,186.8500061035156,10930900.0,185.3699951171875,4.820095484211557,0.0,0.3
2019-08-13,191.3800048828125,185.3699951171875,185.5200042724609,13577000.0,188.4499969482422,3.8526365542066356,1.0,0.35
2019-08-14,185.9900054931641,179.30999755859375,185.8000030517578,18903700.0,179.7100067138672,3.9453229437816577,0.0,0.35
2019-08-15,183.1999969482422,180.02999877929688,180.9499969482422,12925900.0,182.58999633789065,3.42595495969077,1.0,0.45
2019-08-16,185.1000061035156,182.3600006103516,183.75,12654600.0,183.6999969482422,3.2173901046638127,0.5,0.5
2019-08-19,187.5,184.8500061035156,186.00999450683597,9691200.0,186.1699981689453,3.0287813871888725,1.0,0.6
2019-08-20,186.0,182.38999938964844,185.4499969482422,10083400.0,183.80999755859372,3.0587042866672296,0.0,0.55
2019-08-21,185.8999938964844,183.13999938964844,185.0,8398200.0,183.5500030517578,3.108630190932903,0.5,0.55
2019-08-22,184.1100006103516,179.91000366210938,183.42999267578125,10821400.0,182.0399932861328,2.681695647074737,0.0,0.45
2019-08-23,183.1300048828125,176.66000366210938,180.83999633789065,17323400.0,177.75,3.0787289728455947,0.0,0.4
2019-08-26,180.5,178.24000549316406,179.39999389648438,8773600.0,180.3600006103516,3.1144131758572953,1.0,0.5
2019-08-27,184.0399932861328,181.00999450683597,181.92999267578125,14399600.0,181.3000030517578,2.4197633936416243,0.5,0.45
2019-08-28,181.9499969482422,178.9199981689453,180.52999877929688,9386100.0,181.75999450683597,2.2776397741285628,0.5,0.5
2019-08-29,186.0800018310547,183.47000122070312,183.7700042724609,10128700.0,185.57000732421875,2.5031473454814415,1.0,0.5
2019-08-30,186.8000030517578,183.4600067138672,186.77999877929688,10774500.0,185.6699981689453,2.6711334849712376,0.5,0.5
2019-09-03,185.6699981689453,182.1100006103516,184.0,9779400.0,182.38999938964844,2.394016554996161,0.0,0.4
2019-09-04,187.75,183.88999938964844,184.6499938964844,11308000.0,187.13999938964844,2.8051391177371867,1.0,0.5
2019-09-05,191.3600006103516,187.94000244140625,188.52999877929688,13876700.0,190.8999938964844,3.817435296202727,1.0,0.55
2019-09-06,190.2100067138672,186.3500061035156,190.2100067138672,15226800.0,187.4900054931641,3.9735847612608466,0.0,0.55
2019-09-09,188.97999572753903,185.8500061035156,187.72999572753903,14722400.0,188.75999450683597,3.5410414165882096,0.5,0.6
2019-09-10,188.1000061035156,184.5500030517578,187.44000244140625,15455900.0,186.1699981689453,3.122630442999275,0.0,0.5
2019-09-11,189.44000244140625,186.0800018310547,186.4600067138672,11761700.0,188.4900054931641,2.8046833977024277,1.0,0.55
2019-09-12,190.92999267578125,187.22999572753903,189.8600006103516,11419800.0,187.47000122070312,2.2794443364359727,0.5,0.55
2019-09-13,187.97000122070312,186.5399932861328,187.3300018310547,11441100.0,187.19000244140625,2.222995498151898,0.5,0.5
2019-09-16,187.7899932861328,185.7700042724609,186.92999267578125,8444800.0,186.22000122070312,2.188376438640294,0.5,0.5
2019-09-17,188.32000732421875,185.5399932861328,186.66000366210935,9671100.0,188.0800018310547,1.3844873102799375,1.0,0.6
2019-09-18,189.0800018310547,186.00999450683597,188.08999633789065,9681900.0,188.13999938964844,1.3682610235790473,0.5,0.55
2019-09-19,191.1000061035156,188.1499938964844,188.66000366210935,10392700.0,190.13999938964844,1.1923571162926583,1.0,0.55
2019-09-20,193.1000061035156,188.1199951171875,190.66000366210935,19934200.0,189.92999267578125,1.3567794306622751,0.5,0.6
2019-09-23,190.1000061035156,185.2100067138672,189.33999633789065,13327600.0,186.82000732421875,1.3838355279391321,0.0,0.55
2019-09-24,188.0399932861328,180.38999938964844,187.97999572753903,18546600.0,181.27999877929688,2.479538853533579,0.0,0.55
2019-09-25,183.4199981689453,177.8699951171875,181.4499969482422,18068300.0,182.8000030517578,2.8243810433464356,1.0,0.55
2019-09-26,181.3999938964844,177.6699981689453,181.3300018310547,16083300.0,180.11000061035156,3.5085203369202254,0.0,0.5
2019-09-27,180.75999450683597,175.66000366210938,180.4900054931641,14656200.0,177.10000610351562,4.470063516288096,0.0,0.45
2019-09-30,178.6699981689453,176.85000610351562,177.8699951171875,10740000.0,178.0800018310547,4.951033562652435,0.5,0.45
2019-10-01,179.83999633789062,174.8800048828125,179.14999389648438,17073000.0,175.80999755859375,5.396243278537082,0.0,0.35
2019-10-02,176.52999877929688,173.08999633789062,174.83999633789062,16151700.0,174.60000610351562,5.661280121296773,0.5,0.35
2019-10-03,179.83999633789062,173.6300048828125,175.57000732421875,16086300.0,179.3800048828125,4.834042962077795,1.0,0.35
2019-10-04,180.97999572753903,178.10000610351562,179.5500030517578,10430200.0,180.4499969482422,3.561021137411566,0.5,0.35
2019-10-07,181.17999267578125,178.08999633789062,180.0,9178300.0,179.67999267578125,2.52810492042725,0.5,0.4
2019-10-08,180.3699951171875,177.72000122070312,178.25999450683594,9466900.0,177.75,2.406901951390594,0.0,0.4
2019-10-09,180.72000122070312,177.94000244140625,179.16000366210938,7556900.0,179.85000610351562,1.9734132969512477,1.0,0.4
2019-10-10,181.6100006103516,179.1699981689453,180.32000732421875,8605000.0,180.02999877929688,1.9653202746727256,0.5,0.45
2019-10-11,186.4900054931641,182.13999938964844,182.1499938964844,14930500.0,184.19000244140625,2.653520446983547,1.0,0.55
2019-10-14,184.6199951171875,182.57000732421875,184.1999969482422,7006000.0,183.27999877929688,2.9500607381645105,0.5,0.55
2019-10-15,190.3800048828125,183.66000366210935,183.8000030517578,15039100.0,188.88999938964844,3.8833078650899613,1.0,0.65
2019-10-16,189.6999969482422,186.8999938964844,188.32000732421875,10516900.0,189.5500030517578,4.098700197775882,0.5,0.65
2019-10-17,190.83999633789065,188.7700042724609,190.3000030517578,9603000.0,190.38999938964844,4.665281983525299,0.5,0.6
2019-10-18,191.4900054931641,183.9199981689453,190.22999572753903,16874200.0,185.8500061035156,4.597135683266871,0.0,0.55
2019-10-21,189.91000366210935,186.75,187.0399932861328,8122600.0,189.75999450683597,4.662450057188025,1.0,0.6
2019-10-22,190.6499938964844,181.5,190.0,19537600.0,182.33999633789065,4.061671104977151,0.0,0.6
2019-10-23,186.3800048828125,182.0,182.00999450683597,12300400.0,186.1499938964844,3.560615078336593,1.0,0.6
2019-10-24,186.72999572753903,182.8000030517578,184.6199951171875,11413500.0,186.3800048828125,2.8679640046141217,0.5,0.6
2019-10-25,189.0,185.08999633789065,185.8300018310547,8061200.0,187.88999938964844,2.747458858582253,0.5,0.55
2019-10-28,189.52999877929688,185.0800018310547,187.1999969482422,13657900.0,189.3999938964844,2.483845247289537,0.5,0.55
2019-10-29,192.52999877929688,188.47000122070312,191.69000244140625,13574900.0,189.30999755859372,2.510363835516519,0.5,0.5
2019-10-30,190.4499969482422,185.97999572753903,189.55999755859372,28734600.0,188.25,2.4366079416272073,0.5,0.5
2019-10-31,198.08999633789065,188.25,196.6999969482422,42286500.0,191.6499938964844,2.623900466700677,1.0,0.55
2019-11-01,194.1100006103516,189.91000366210935,192.8500061035156,21711800.0,193.6199951171875,3.1194975571783785,1.0,0.65
2019-11-04,197.3699951171875,193.80999755859372,194.5500030517578,16371300.0,194.72000122070312,3.688873330864622,0.5,0.6
2019-11-05,195.75,193.6000061035156,195.3699951171875,9942000.0,194.32000732421875,3.2103952432095553,0.5,0.65
2019-11-06,194.3699951171875,191.3500061035156,194.02999877929688,10973000.0,191.5500030517578,2.898246632449876,0.0,0.55
2019-11-07,193.44000244140625,189.47000122070312,191.91000366210935,13473000.0,190.4199981689453,2.479015790368381,0.5,0.55
2019-11-08,192.33999633789065,189.6999969482422,190.0,10760800.0,190.83999633789065,2.2142525598097387,0.5,0.55
2019-11-11,190.0800018310547,188.5399932861328,189.92999267578125,8631200.0,189.6100006103516,2.193995167700336,0.0,0.5
2019-11-12,195.05999755859372,189.7400054931641,190.0,17615500.0,194.47000122070312,2.2464167365948313,1.0,0.55
2019-11-13,195.6999969482422,192.7400054931641,194.6999969482422,10860700.0,193.19000244140625,1.852150104074689,0.0,0.5
2019-11-14,194.02999877929688,191.4499969482422,192.92999267578125,9040500.0,193.1499938964844,1.8418626425072238,0.5,0.45
2019-11-15,195.3000030517578,193.3800048828125,194.25999450683597,11524300.0,195.1000061035156,1.9876082666165262,1.0,0.45
2019-11-18,198.6300048828125,193.0500030517578,194.55999755859372,16167200.0,197.3999938964844,2.4186372700186363,1.0,0.5
2019-11-19,200.0,196.8600006103516,197.3999938964844,19056800.0,199.32000732421875,3.132239638656467,1.0,0.55
2019-11-20,199.58999633789065,195.42999267578125,198.5800018310547,12355400.0,197.50999450683597,3.282345720597712,0.0,0.55
2019-11-21,199.08999633789065,196.8600006103516,197.4199981689453,12131000.0,197.92999267578125,3.204780418862964,0.5,0.55
2019-11-22,199.3000030517578,197.6199951171875,198.3800048828125,9959800.0,198.82000732421875,3.086105538240568,0.5,0.55
2019-11-25,200.97000122070312,199.25,199.5200042724609,15272300.0,199.7899932861328,2.494686647719836,0.5,0.6
2019-11-26,200.1499938964844,198.0399932861328,200.0,11735500.0,198.97000122070312,2.459768977655523,0.5,0.55
2019-11-27,203.13999938964844,199.4199981689453,199.8999938964844,12736600.0,202.0,2.474252686225229,1.0,0.65
2019-11-29,203.8000030517578,201.2100067138672,201.6000061035156,7985200.0,201.63999938964844,2.044867581036542,0.5,0.65
2019-12-02,202.17999267578125,198.0500030517578,202.1300048828125,11503400.0,199.6999969482422,1.5704140898005285,0.0,0.55
2019-12-03,198.92999267578125,195.0800018310547,197.6000061035156,11595300.0,198.82000732421875,1.4372741670559468,0.0,0.45
2019-12-04,200.02999877929688,198.0500030517578,200.0,8456300.0,198.7100067138672,1.4562240050089745,0.5,0.4
2019-12-05,201.2899932861328,198.2100067138672,199.8600006103516,9740400.0,199.3600006103516,1.3001377048291025,0.5,0.45
2019-12-06,201.57000732421875,200.05999755859372,200.5,12270600.0,201.0500030517578,1.234485834850164,1.0,0.5
2019-12-09,203.13999938964844,200.2100067138672,200.6499938964844,11954800.0,201.33999633789065,1.2498142080981585,0.5,0.5
2019-12-10,202.0500030517578,200.1499938964844,201.66000366210935,9475700.0,200.8699951171875,1.2629940934747197,0.5,0.5
2019-12-11,202.6300048828125,200.27999877929688,200.27999877929688,8036800.0,202.25999450683597,1.320857369294247,1.0,0.55
2019-12-12,203.66000366210935,194.1000061035156,202.3500061035156,23734800.0,196.75,1.6847593863869887,0.0,0.45
2019-12-13,196.8000030517578,193.1699981689453,196.3999938964844,18798000.0,194.1100006103516,2.4182439505304343,0.0,0.4
2019-12-16,199.1199951171875,194.80999755859372,195.2700042724609,14911500.0,197.9199981689453,2.4505786756526042,1.0,0.5
2019-12-17,199.0,196.1300048828125,198.83999633789065,10175700.0,198.38999938964844,2.460162086064366,0.5,0.55
2019-12-18,204.3000030517578,200.08999633789065,200.08999633789065,23274400.0,202.5,2.6796558977848814,1.0,0.6
2019-12-19,206.3000030517578,202.50999450683597,202.77999877929688,16514600.0,206.05999755859372,3.39530705347776,1.0,0.65
2019-12-20,207.7100067138672,203.42999267578125,207.47999572753903,27306900.0,206.3000030517578,3.91963416591887,0.5,0.6
2019-12-23,208.58999633789065,205.67999267578125,206.6999969482422,13348900.0,206.17999267578125,4.295138987727283,0.5,0.6
2019-12-24,206.7899932861328,205.0,206.3000030517578,6046300.0,205.1199951171875,4.47270977886897,0.5,0.6
2019-12-26,207.82000732421875,205.30999755859372,205.57000732421875,9350700.0,207.7899932861328,4.8912848937192415,1.0,0.6
2019-12-27,208.92999267578125,206.58999633789065,208.6699981689453,10284200.0,208.1000061035156,4.825222691072273,0.5,0.65
2019-12-30,207.8999938964844,203.8999938964844,207.8600006103516,10524300.0,204.41000366210935,3.602527021557003,0.0,0.65
2019-12-31,205.55999755859372,203.6000061035156,204.0,8953500.0,205.25,2.8277629283594536,0.5,0.6
2020-01-02,209.7899932861328,206.2700042724609,206.75,12077100.0,209.77999877929688,2.052680662791029,1.0,0.65
2020-01-03,210.3999938964844,206.9499969482422,207.2100067138672,11188400.0,208.6699981689453,1.7370100814870701,0.0,0.55
2020-01-06,212.77999877929688,206.5200042724609,206.6999969482422,17058900.0,212.6000061035156,2.5036610519838005,1.0,0.55
2020-01-07,214.5800018310547,211.75,212.82000732421875,14912400.0,213.05999755859372,3.0258203445711147,0.5,0.55
2020-01-08,216.2400054931641,212.6100006103516,213.0,13475000.0,215.22000122070312,3.671337148849632,1.0,0.6
2020-01-09,218.3800048828125,216.27999877929688,217.5399932861328,12642800.0,218.3000030517578,4.414279935004258,1.0,0.65
2020-01-10,219.8800048828125,217.4199981689453,219.1999969482422,12119400.0,218.05999755859372,4.9258185927698275,0.5,0.6
2020-01-13,221.97000122070312,219.2100067138672,219.6000061035156,14463400.0,221.91000366210935,5.777262705347604,1.0,0.65
2020-01-14,222.3800048828125,218.6300048828125,221.6100006103516,13288900.0,219.05999755859372,5.269327898844719,0.0,0.65
2020-01-15,221.67999267578125,220.13999938964844,220.6100006103516,10036500.0,221.1499938964844,4.631983872607558,0.5,0.65
2020-01-16,222.6300048828125,220.38999938964844,222.57000732421875,10015300.0,221.7700042724609,4.454431134292969,0.5,0.6
2020-01-17,222.2899932861328,220.52999877929688,222.02999877929688,15905900.0,222.13999938964844,3.6209724343124425,0.5,0.65
2020-01-21,222.3699951171875,219.1199951171875,222.16000366210935,14275800.0,221.44000244140625,3.1105686575713345,0.5,0.6
2020-01-22,222.75,221.27999877929688,222.30999755859372,12212800.0,221.32000732421875,2.2820809236670034,0.5,0.6
2020-01-23,221.4900054931641,219.2700042724609,220.75,11195000.0,219.75999450683597,1.5521716527996268,0.0,0.5
2020-01-24,221.77999877929688,216.1100006103516,220.8000030517578,11905800.0,217.94000244140625,1.6116690001453047,0.0,0.4
2020-01-27,216.05999755859372,212.5,213.1000061035156,13810700.0,214.8699951171875,2.30496868935995,0.0,0.35
2020-01-28,218.7400054931641,213.5200042724609,216.13999938964844,13413800.0,217.7899932861328,2.320802935571519,1.0,0.35
2020-01-29,224.1999969482422,218.4499969482422,221.44000244140625,33181300.0,223.22999572753903,2.5514127429234814,1.0,0.45
2020-01-30,211.42999267578125,204.75,206.52999877929688,48775500.0,209.52999877929688,4.172132221756577,0.0,0.4
2020-01-31,208.69000244140625,201.05999755859372,208.42999267578125,31359900.0,201.91000366210935,6.673156237448755,0.0,0.35
2020-02-03,205.13999938964844,202.5,203.44000244140625,15495600.0,204.19000244140625,7.498029414858866,0.5,0.35
2020-02-04,210.6000061035156,205.1999969482422,206.6199951171875,19628900.0,209.8300018310547,7.320880293760887,1.0,0.4
2020-02-05,212.72999572753903,208.7100067138672,212.50999450683597,12538200.0,210.1100006103516,6.929568585273608,0.5,0.4
2020-02-06,211.19000244140625,209.33999633789065,210.47000122070312,10567500.0,210.8500061035156,6.512036266047172,0.5,0.45
2020-02-07,212.82000732421875,209.92999267578125,210.3000030517578,12242500.0,212.3300018310547,6.178979675957956,0.5,0.5
2020-02-10,213.8000030517578,210.66000366210935,211.5200042724609,11856400.0,213.05999755859372,6.094049052191884,0.5,0.55
2020-02-11,210.8600006103516,206.50999450683597,210.19000244140625,25030800.0,207.19000244140625,5.748551463287362,0.0,0.45
2020-02-12,211.22000122070312,207.3999938964844,207.8500061035156,13813700.0,210.75999450683597,3.5428951584543937,1.0,0.45
2020-02-13,214.3300018310547,209.17999267578125,209.5200042724609,15396600.0,213.13999938964844,3.7815004916077894,1.0,0.55
2020-02-14,214.92999267578125,212.6499938964844,214.0,10741700.0,214.17999267578125,3.0172969629696142,0.5,0.6
2020-02-18,217.97999572753903,213.3999938964844,213.5500030517578,15609200.0,217.8000030517578,2.8895484836215903,1.0,0.65
2020-02-19,218.32000732421875,216.1100006103516,217.9900054931641,12135100.0,217.4900054931641,3.2635719550739513,0.5,0.6
2020-02-20,218.7700042724609,212.9499969482422,216.5200042724609,13109200.0,214.5800018310547,3.175720265749583,0.0,0.55
2020-02-21,214.2400054931641,208.8300018310547,213.47999572753903,14092300.0,210.17999267578125,3.2358545663547664,0.0,0.5
2020-02-24,203.6499938964844,198.1699981689453,201.8000030517578,23080100.0,200.72000122070312,5.085443870856185,0.0,0.45
2020-02-25,203.5,195.9499969482422,202.25,21433500.0,196.7700042724609,6.945151886697629,0.0,0.4
2020-02-26,201.2100067138672,195.4900054931641,197.19000244140625,16524500.0,197.1999969482422,8.067042426808017,0.5,0.45
2020-02-27,195.8800048828125,189.5,191.82000732421875,21682600.0,189.75,10.115264030289772,0.0,0.35
2020-02-28,192.7400054931641,181.82000732421875,182.6999969482422,32568900.0,192.47000122070312,10.847662402859585,0.5,0.3
2020-03-02,196.57000732421875,188.8500061035156,194.02999877929688,24949000.0,196.44000244140625,10.649054727949624,0.5,0.3
2020-03-03,197.2400054931641,183.97000122070312,196.22000122070312,27984100.0,185.88999938964844,10.615540795831178,0.0,0.2
2020-03-04,191.8300018310547,186.38999938964844,189.1699981689453,23062500.0,191.75999450683597,8.929781513279504,1.0,0.25
2020-03-05,188.9900054931641,183.88999938964844,186.77999877929688,19333400.0,185.1699981689453,7.423288580799675,0.0,0.25
2020-03-06,183.77999877929688,176.25999450683594,178.3300018310547,24559600.0,181.08999633789065,6.264045596734526,0.0,0.25
2020-03-09,175.0,165.19000244140625,169.60000610351562,29949000.0,169.5,8.620250971226161,0.0,0.25
2020-03-10,178.2899932861328,169.5,174.6699981689453,24517800.0,178.19000244140625,8.666824286271485,1.0,0.35
2020-03-11,175.8800048828125,167.66000366210938,174.00999450683594,20373900.0,170.24000549316406,9.22859223252387,0.0,0.3
2020-03-12,166.60000610351562,154.33999633789062,159.5399932861328,43266300.0,154.47000122070312,12.843159561694439,0.0,0.3
2020-03-13,170.7899932861328,157.60000610351562,163.52999877929688,35028600.0,170.27999877929688,12.460715906675013,1.0,0.35
2020-03-16,159.1300048828125,143.10000610351562,152.32000732421875,39120400.0,146.00999450683594,14.364283375572093,0.0,0.3
2020-03-17,153.94000244140625,140.0,150.74000549316406,34255600.0,149.4199981689453,15.394141631309807,0.5,0.35
2020-03-18,148.17999267578125,137.10000610351562,139.75,37553100.0,146.9600067138672,14.737635588389386,0.5,0.3
2020-03-19,159.92999267578125,144.8000030517578,146.6199951171875,39862300.0,153.1300048828125,13.31129685451929,0.5,0.35
2020-03-20,159.27000427246094,148.0,156.02000427246094,32568400.0,149.72999572753906,11.916574031745798,0.5,0.4
2020-03-23,152.30999755859375,142.25,149.66000366210938,29830800.0,148.10000610351562,11.69970065827874,0.5,0.45
2020-03-24,161.30999755859375,152.57000732421875,155.2100067138672,30440400.0,160.97999572753906,9.172476901124305,1.0,0.45
2020-03-25,162.99000549316406,153.05999755859375,158.9199981689453,35184300.0,156.2100067138672,7.489423620264099,0.0,0.45
2020-03-26,164.0,157.02000427246094,158.25,26556800.0,163.33999633789062,8.112580523976945,1.0,0.55
2020-03-27,160.08999633789062,154.75,158.1999969482422,24879900.0,156.7899932861328,6.0378163522822055,0.0,0.45
2020-03-30,166.75,158.05999755859375,159.17999267578125,22515200.0,165.9499969482422,6.704119447845017,1.0,0.55
2020-03-31,170.92999267578125,164.1999969482422,165.47999572753906,23676300.0,166.8000030517578,7.3051259783474265,0.5,0.55
2020-04-01,164.14999389648438,158.0399932861328,161.6199951171875,19507600.0,159.60000610351562,6.457955163116028,0.0,0.5
2020-04-02,161.35000610351562,155.9199981689453,159.10000610351562,20886300.0,158.19000244140625,6.222432449725558,0.5,0.5
2020-04-03,157.91000366210938,150.8300018310547,157.14999389648438,25983300.0,154.17999267578125,5.653151821272948,0.0,0.45
2020-04-06,166.1999969482422,158.50999450683594,160.14999389648438,28453600.0,165.5500030517578,4.48177749373447,1.0,0.5
2020-04-07,173.38999938964844,166.00999450683594,171.7899932861328,31411900.0,168.8300018310547,5.160824042107935,1.0,0.5
2020-04-08,175.0,167.74000549316406,171.25,21664200.0,174.27999877929688,6.153667863102521,1.0,0.6
2020-04-09,177.0800018310547,171.57000732421875,175.89999389648438,23534300.0,175.19000244140625,7.202840950354545,0.5,0.55
2020-04-13,175.0,169.4499969482422,173.6699981689453,19355400.0,174.7899932861328,7.300471947517845,0.5,0.6
2020-04-14,181.22999572753903,176.6199951171875,178.97999572753906,21011800.0,178.1699981689453,8.196433409585957,0.5,0.55
2020-04-15,178.19000244140625,172.82000732421875,175.19000244140625,17423000.0,176.97000122070312,8.706970409103048,0.5,0.55
2020-04-16,178.0500030517578,172.50999450683594,177.9499969482422,23593200.0,176.25,8.386065712622052,0.5,0.6
2020-04-17,180.27999877929688,176.66000366210938,179.1999969482422,20974800.0,179.24000549316406,7.6334228800461466,0.5,0.6
2020-04-20,180.5,176.77000427246094,177.41000366210938,16110700.0,178.24000549316406,4.362943647913587,0.5,0.65
2020-04-21,175.3800048828125,168.33999633789062,175.25,24850500.0,170.8000030517578,3.325211225761564,0.0,0.55
2020-04-22,184.77999877929688,178.13999938964844,178.4499969482422,33242000.0,182.27999877929688,3.1433899908189082,1.0,0.55
2020-04-23,187.0500030517578,183.1499938964844,184.0800018310547,21426600.0,185.1300048828125,4.001092979508991,1.0,0.55
2020-04-24,190.41000366210935,180.8300018310547,183.22999572753903,28792000.0,190.07000732421875,5.461742151841036,1.0,0.6
2020-04-27,193.75,187.41000366210935,192.66000366210935,29197800.0,187.5,5.791905604686715,0.0,0.55
2020-04-28,189.1999969482422,182.55999755859372,188.66000366210935,21731000.0,182.91000366210935,5.77715573957285,0.0,0.5
2020-04-29,196.91000366210935,190.0,190.92999267578125,45954500.0,194.19000244140625,6.916670065388835,1.0,0.55
2020-04-30,209.69000244140625,201.57000732421875,206.9199981689453,46230100.0,204.7100067138672,9.39635463484301,1.0,0.6
2020-05-01,207.27999877929688,199.0500030517578,201.6000061035156,30415600.0,202.2700042724609,10.452581590883584,0.5,0.6
2020-05-04,205.91000366210935,198.75999450683597,200.1999969482422,19250700.0,205.25999450683597,11.171479023359433,0.5,0.6
2020-05-05,210.3800048828125,206.5,207.0200042724609,21071200.0,207.07000732421875,9.872919010204786,0.5,0.65
2020-05-06,211.6000061035156,206.66000366210935,208.1199951171875,21857000.0,208.47000122070312,9.85123046252244,0.5,0.6
2020-05-07,211.6000061035156,209.0399932861328,211.16000366210935,15152000.0,211.25999450683597,9.88961545164922,0.5,0.55
2020-05-08,213.2100067138672,210.8500061035156,212.2400054931641,12506000.0,212.3500061035156,10.069462339408819,0.5,0.5
2020-05-11,215.0,210.3699951171875,210.88999938964844,12911900.0,213.17999267578125,9.321051011522451,0.5,0.55
2020-05-12,215.27999877929688,210.0,213.2899932861328,14704600.0,210.1000061035156,5.689648489957648,0.5,0.6
2020-05-13,210.77999877929688,202.1100006103516,209.42999267578125,20684600.0,205.1000061035156,3.6734402136108018,0.0,0.5
2020-05-14,206.92999267578125,200.69000244140625,202.55999755859372,17178900.0,206.80999755859372,3.522863611632594,0.5,0.45
2020-05-15,211.33999633789065,204.1199951171875,205.2700042724609,19383200.0,210.8800048828125,2.915920288808463,1.0,0.5
2020-05-18,214.63999938964844,210.94000244140625,212.1499938964844,20151900.0,213.19000244140625,2.848820394790519,1.0,0.55
2020-05-19,220.4900054931641,212.8300018310547,213.2700042724609,31843200.0,216.8800048828125,3.4203239900830744,1.0,0.6
2020-05-20,231.33999633789065,223.19000244140625,223.5,50162900.0,229.97000122070312,6.83273596903303,1.0,0.65
2020-05-21,237.1999969482422,231.1999969482422,234.72000122070312,47782600.0,231.38999938964844,8.919058807510469,0.5,0.65
2020-05-22,235.9900054931641,228.7400054931641,231.50999450683597,33925600.0,234.91000366210935,10.827504189875524,0.5,0.65
2020-05-26,240.8999938964844,231.6699981689453,239.7700042724609,33178300.0,232.1999969482422,11.672461912165328,0.5,0.65
2020-05-27,230.55999755859372,221.1300048828125,229.07000732421875,34697600.0,229.13999938964844,11.58605166784349,0.5,0.65
2020-05-28,231.6300048828125,224.0,224.3000030517578,29377200.0,225.4600067138672,10.175375087717796,0.5,0.7
2020-05-29,227.4900054931641,222.8800048828125,225.1999969482422,23241500.0,225.08999633789065,8.417216822986154,0.5,0.7
2020-06-01,232.44000244140625,223.5,224.58999633789065,18223800.0,231.91000366210935,7.035915229724381,1.0,0.7
2020-06-02,233.0,226.55999755859372,230.94000244140625,20919000.0,232.72000122070312,5.258330185532511,0.5,0.65
2020-06-03,232.6499938964844,228.52999877929688,232.1100006103516,15380300.0,230.16000366210935,3.1009364430364164,0.0,0.55
2020-06-04,231.6300048828125,224.6100006103516,229.55999755859372,17041500.0,226.2899932861328,3.3519891131134996,0.0,0.45
2020-06-05,231.3500061035156,225.30999755859372,226.7100067138672,16750400.0,230.7700042724609,3.327567166938863,1.0,0.5
2020-06-08,231.5500030517578,227.41000366210935,229.02999877929688,15466500.0,231.3999938964844,2.8930273098049333,0.5,0.5
2020-06-09,239.7700042724609,230.41000366210935,231.5200042724609,27462900.0,238.6699981689453,4.0518595896954634,1.0,0.55
2020-06-10,241.2100067138672,235.27999877929688,240.9600067138672,20720700.0,236.72999572753903,4.5228623246066935,0.0,0.5
2020-06-11,232.88999938964844,223.5500030517578,229.94000244140625,26708200.0,224.42999267578125,4.670345304024119,0.0,0.45
2020-06-12,231.66000366210935,224.5,229.8999938964844,22091400.0,228.5800018310547,4.311441049192135,1.0,0.5
2020-06-15,233.7700042724609,224.8000030517578,225.08999633789065,15340300.0,232.5,4.326763245419606,1.0,0.5
2020-06-16,238.4600067138672,233.0,237.13999938964844,15236700.0,235.6499938964844,4.533516996339128,1.0,0.55
2020-06-17,237.58999633789065,231.72999572753903,235.0,19578100.0,235.52999877929688,4.67075186493905,0.5,0.6
2020-06-18,236.13999938964844,232.1499938964844,234.9900054931641,15782500.0,235.94000244140625,4.331910455531429,0.5,0.65
2020-06-19,240.8300018310547,235.5500030517578,237.7899932861328,30081300.0,238.7899932861328,4.602986741633607,1.0,0.65
2020-06-22,240.6999969482422,236.91000366210935,238.55999755859372,18917800.0,239.22000122070312,4.805604141363524,0.5,0.65
2020-06-23,245.19000244140625,239.8600006103516,241.27999877929688,24017900.0,242.2400054931641,5.253001678534641,1.0,0.65
2020-06-24,243.22000122070312,232.67999267578125,241.1999969482422,20834900.0,234.0200042724609,5.221408425142022,0.0,0.65
2020-06-25,237.3000030517578,232.7400054931641,234.6199951171875,18704300.0,235.67999267578125,3.7774778831220797,0.5,0.7
2020-06-26,233.08999633789065,215.3999938964844,232.63999938964844,76343900.0,216.0800018310547,7.070470606544821,0.0,0.6
2020-06-29,220.75,207.1100006103516,209.75,58514300.0,220.63999938964844,8.336662218145706,1.0,0.6
2020-06-30,227.5,218.47000122070312,220.58999633789065,33927100.0,227.07000732421875,8.51654454760007,1.0,0.6
2020-07-01,239.0,227.55999755859372,228.5,43399700.0,237.5500030517578,8.61918101860679,1.0,0.65
2020-07-02,240.0,232.6100006103516,239.0,30633600.0,233.4199981689453,8.551245510365398,0.0,0.6
2020-07-06,240.3999938964844,232.2700042724609,233.75999450683597,26206200.0,240.27999877929688,8.685511372101004,1.0,0.6
2020-07-07,247.6499938964844,238.82000732421875,239.41000366210935,27887800.0,240.8600006103516,8.838121974313985,0.5,0.6
2020-07-08,246.9900054931641,236.58999633789065,238.1100006103516,29791300.0,243.5800018310547,9.005983528364752,0.5,0.55
2020-07-09,246.52999877929688,239.2400054931641,245.0,22174900.0,244.5,9.729193849933758,0.5,0.6
2020-07-10,245.4900054931641,239.32000732421875,243.69000244140625,22982700.0,245.07000732421875,10.34654467337196,0.5,0.6
2020-07-13,250.1499938964844,238.4199981689453,247.00999450683597,24674900.0,239.0,7.981329835587567,0.0,0.6
2020-07-14,240.3300018310547,232.02999877929688,236.75999450683597,23378100.0,239.72999572753903,5.468633515155725,0.5,0.55
2020-07-15,244.82000732421875,238.0500030517578,241.5500030517578,19133600.0,240.27999877929688,3.4675688707775163,0.5,0.5
2020-07-16,241.75999450683597,236.3300018310547,238.0,18880700.0,240.92999267578125,3.317458183273883,0.5,0.45
2020-07-17,244.16000366210935,237.8600006103516,241.0,18152400.0,242.02999877929688,2.0893307980359848,0.5,0.5
2020-07-20,246.0500030517578,235.63999938964844,240.05999755859372,20872200.0,245.4199981689453,2.338766953067271,1.0,0.5
2020-07-21,246.91000366210935,240.0800018310547,246.22000122070312,19364200.0,241.75,2.3012791250955207,0.0,0.45
2020-07-22,241.8999938964844,238.1199951171875,240.25999450683597,15427900.0,239.8699951171875,2.357641208935329,0.0,0.4
2020-07-23,242.4199981689453,231.75,239.6300048828125,21771800.0,232.6000061035156,3.568309873600946,0.0,0.35
2020-07-24,233.4900054931641,226.8999938964844,230.19000244140625,18325800.0,230.7100067138672,4.393916213261269,0.0,0.3
2020-07-27,234.9499969482422,230.8300018310547,231.4600067138672,13163100.0,233.5,4.755528811282171,1.0,0.4
2020-07-28,234.9600067138672,229.8300018310547,234.6300048828125,14170100.0,230.1199951171875,5.441710256277024,0.0,0.35
2020-07-29,233.6999969482422,230.30999755859372,231.13999938964844,13588300.0,233.2899932861328,5.52478466890661,1.0,0.4
2020-07-30,234.88999938964844,229.0,230.22000122070312,20615300.0,234.5,5.391998076904638,0.5,0.4
2020-07-31,255.8500061035156,249.0,255.82000732421875,53005100.0,253.6699981689453,7.565702411965087,1.0,0.45
2020-08-03,255.3999938964844,250.3300018310547,252.6499938964844,23124900.0,251.9600067138672,8.541952012893516,0.5,0.4
2020-08-04,252.8000030517578,247.42999267578125,251.55999755859372,17183500.0,249.8300018310547,9.266779228242399,0.5,0.45
2020-08-05,252.2700042724609,247.7700042724609,250.19000244140625,13050100.0,249.1199951171875,9.808541795615826,0.5,0.5
2020-08-06,266.6000061035156,248.6699981689453,249.0399932861328,45241600.0,265.2799987792969,12.238204502112547,1.0,0.6
2020-08-07,278.8900146484375,263.42999267578125,264.0799865722656,72766400.0,268.44000244140625,13.690289869251599,0.5,0.65
2020-08-10,273.8599853515625,259.69000244140625,268.0400085449219,30248800.0,263.0,13.64328235495095,0.5,0.6
2020-08-11,265.9200134277344,255.1300048828125,260.19000244140625,28238300.0,256.1300048828125,11.804294471212039,0.0,0.6
2020-08-12,263.8999938964844,258.1099853515625,258.9700012207031,21415700.0,259.8900146484375,9.819106935762733,0.5,0.55
2020-08-13,265.1600036621094,259.57000732421875,261.54998779296875,17374000.0,261.29998779296875,6.7131243277893935,0.5,0.55
2020-08-14,262.6499938964844,258.67999267578125,262.3099975585937,14792700.0,261.239990234375,6.613973332094452,0.5,0.5
2020-08-17,264.1000061035156,259.3999938964844,262.5,13351100.0,261.1600036621094,6.212463264260257,0.5,0.5
2020-08-18,265.1499938964844,259.260009765625,260.95001220703125,18690400.0,262.3399963378906,5.220506984738543,0.5,0.5
2020-08-19,267.9100036621094,261.3500061035156,261.3900146484375,23291500.0,262.5899963378906,3.2350534016747456,0.5,0.5
2020-08-20,269.6300048828125,261.4599914550781,261.5,20299700.0,269.010009765625,3.8029033055705863,1.0,0.5
2020-08-21,270.489990234375,266.4200134277344,268.69000244140625,15538600.0,267.010009765625,3.5752130432190254,0.0,0.45
2020-08-24,277.25,268.7699890136719,271.07000732421875,23685600.0,271.3900146484375,4.582747622862553,1.0,0.5
2020-08-25,283.0899963378906,270.260009765625,272.4100036621094,42127200.0,280.82000732421875,6.567918395055912,1.0,0.6
2020-08-26,304.6700134277344,284.0,284.0,69015200.0,303.9100036621094,13.428457369695959,1.0,0.65
2020-08-27,301.2300109863281,292.0199890136719,300.1600036621094,30301300.0,293.2200012207031,14.830842179490302,0.0,0.6
2020-08-28,297.2300109863281,290.9800109863281,295.0,17157400.0,293.6600036621094,15.440117052706851,0.5,0.6
2020-08-31,296.8800048828125,291.54998779296875,293.95001220703125,17345100.0,293.20001220703125,15.223477699082155,0.5,0.6
2020-09-01,301.489990234375,292.7099914550781,294.7099914550781,17295900.0,295.44000244140625,14.612065048221766,0.5,0.6
2020-09-02,303.6000061035156,293.04998779296875,298.8800048828125,24341400.0,302.5,13.840427613324723,0.5,0.6
2020-09-03,297.6000061035156,283.6300048828125,295.989990234375,32294100.0,291.1199951171875,12.32774012345452,0.0,0.5
2020-09-04,289.0,271.1400146484375,287.25,30333700.0,282.7300109863281,9.953574449752624,0.0,0.5
2020-09-08,279.29998779296875,269.4200134277344,271.2799987792969,24864000.0,271.1600036621094,10.003549234460932,0.0,0.4
2020-09-09,278.4800109863281,271.3500061035156,275.7699890136719,22918800.0,273.7200012207031,10.991831958883145,0.5,0.35
2020-09-10,279.1600036621094,267.0299987792969,275.510009765625,24814700.0,268.0899963378906,11.786831542323903,0.0,0.25
2020-09-11,271.3900146484375,262.6400146484375,270.0599975585937,18913900.0,266.6099853515625,13.0348173687687,0.5,0.3
2020-09-14,276.6400146484375,265.70001220703125,270.95001220703125,24093800.0,266.1499938964844,13.617989225600958,0.5,0.3
2020-09-15,274.5199890136719,269.29998779296875,270.6700134277344,18478500.0,272.4200134277344,13.138721553892617,0.5,0.3
2020-09-16,272.44000244140625,261.7900085449219,267.2900085449219,29183400.0,263.5199890136719,12.564143629136018,0.0,0.25
2020-09-17,261.5,250.19000244140625,258.2799987792969,31281400.0,254.82000732421875,10.11512554943064,0.0,0.2
2020-09-18,259.20001220703125,250.0500030517578,258.3999938964844,28130800.0,252.52999877929688,8.887406416164893,0.5,0.25
2020-09-21,249.9499969482422,244.1300048828125,247.5399932861328,24709400.0,248.1499938964844,8.889998547152903,0.0,0.25
2020-09-22,255.32000732421875,248.22000122070312,253.30999755859372,30293100.0,254.75,8.877991357492029,1.0,0.35
2020-09-23,257.989990234375,248.1499938964844,255.25999450683597,19641300.0,249.0200042724609,8.71292620487359,0.0,0.3
2020-09-24,252.2400054931641,245.6199951171875,246.5,20006800.0,249.52999877929688,8.681627711961017,0.5,0.35
2020-09-25,255.75,246.6100006103516,249.3999938964844,18351300.0,254.82000732421875,8.127600848981965,1.0,0.4
2020-09-28,259.6000061035156,254.82000732421875,259.3999938964844,18826300.0,256.82000732421875,7.409611537322262,0.5,0.4
2020-09-29,263.3299865722656,256.8999938964844,257.8099975585937,20200200.0,261.7900085449219,5.153560420767478,1.0,0.45
2020-09-30,266.0799865722656,260.1000061035156,261.9800109863281,20142500.0,261.8999938964844,4.858131084974891,0.5,0.5
2020-10-01,268.3299865722656,264.79998779296875,265.3500061035156,20009800.0,266.6300048828125,6.214274251771199,1.0,0.6
2020-10-02,265.1499938964844,259.17999267578125,261.2099914550781,16367600.0,259.94000244140625,6.250010065479251,0.0,0.55
2020-10-05,264.8699951171875,260.8399963378906,262.20001220703125,12822300.0,264.6499938964844,6.022950185708244,1.0,0.65
2020-10-06,265.69000244140625,258.239990234375,261.7799987792969,18696900.0,258.6600036621094,5.915562674753761,0.0,0.55
2020-10-07,260.17999267578125,254.82000732421875,259.2099914550781,23133400.0,258.1199951171875,4.935076149305022,0.5,0.6
2020-10-08,264.6199951171875,259.1499938964844,259.75,16312800.0,263.760009765625,3.7085880291379603,1.0,0.65
2020-10-09,264.75,262.1700134277344,264.5199890136719,14107800.0,264.45001220703125,3.228756434132717,0.5,0.6
2020-10-12,280.17999267578125,267.8699951171875,270.20001220703125,31019300.0,275.75,5.0841527387794185,1.0,0.65
2020-10-13,279.1000061035156,273.3900146484375,277.5799865722656,18063300.0,276.1400146484375,6.385970236894115,0.5,0.6
2020-10-14,278.75,271.5,277.6199951171875,15577800.0,271.82000732421875,6.61721053744149,0.0,0.55
2020-10-15,269.0400085449219,263.6700134277344,267.6000061035156,15416100.0,266.7200012207031,6.618235771069927,0.0,0.45
2020-10-16,271.3699951171875,265.29998779296875,267.3800048828125,16622700.0,265.92999267578125,6.270661019276372,0.5,0.5
2020-10-19,268.54998779296875,259.8800048828125,265.5299987792969,13587000.0,261.3999938964844,6.464192104520678,0.0,0.4
2020-10-20,269.70001220703125,262.8800048828125,263.0599975585937,18763200.0,267.5599975585937,5.88608549528116,1.0,0.5
2020-10-21,283.04998779296875,276.3699951171875,279.5599975585937,28998600.0,278.7300109863281,5.974706053728634,1.0,0.55
2020-10-22,282.45001220703125,275.0400085449219,279.8699951171875,16720000.0,278.1199951171875,6.2350182939718675,0.5,0.5
2020-10-23,285.239990234375,276.82000732421875,278.79998779296875,17535200.0,284.7900085449219,7.222797717844655,1.0,0.55
2020-10-26,285.2300109863281,274.260009765625,283.1600036621094,21322900.0,277.1099853515625,7.299091652373839,0.0,0.45
2020-10-27,284.510009765625,276.3099975585937,278.760009765625,16287200.0,283.2900085449219,7.977784297058657,1.0,0.5
2020-10-28,278.7900085449219,267.260009765625,278.7900085449219,23121800.0,267.6700134277344,8.18290633075401,0.0,0.5
2020-10-29,283.6000061035156,273.7799987792969,276.54998779296875,32368100.0,280.8299865722656,8.17092191011698,1.0,0.6
2020-10-30,276.70001220703125,259.1000061035156,274.5,47247800.0,263.1099853515625,8.541469846666866,0.0,0.55
2020-11-02,270.4700012207031,257.3399963378906,264.6000061035156,27165700.0,261.3599853515625,8.548170077420908,0.5,0.6
2020-11-03,270.04998779296875,260.8800048828125,263.1600036621094,17961900.0,265.29998779296875,8.771851167429553,0.5,0.55
2020-11-04,288.94000244140625,278.6199951171875,281.0,35364400.0,287.3800048828125,9.667479280911145,1.0,0.55
2020-11-05,297.3800048828125,288.95001220703125,291.8999938964844,23823600.0,294.67999267578125,11.521624113727531,1.0,0.6
2020-11-06,294.6000061035156,288.0599975585937,293.95001220703125,13891000.0,293.4100036621094,12.4883391948845,0.5,0.55
2020-11-09,292.5799865722656,278.5299987792969,289.8699951171875,25117700.0,278.7699890136719,12.494880187508501,0.0,0.55
2020-11-10,274.0,264.0,273.1000061035156,29067700.0,272.42999267578125,12.415145628055248,0.0,0.45
2020-11-11,278.3999938964844,272.4800109863281,273.4700012207031,14957000.0,276.4800109863281,12.025891156173875,0.5,0.5
2020-11-12,279.75,274.42999267578125,277.17999267578125,12899500.0,275.0799865722656,11.979715991485056,0.5,0.45
2020-11-13,277.760009765625,273.1000061035156,277.7200012207031,10391200.0,276.95001220703125,10.980153279274383,0.5,0.5
2020-11-16,279.4100036621094,274.6300048828125,275.04998779296875,12970400.0,278.9599914550781,9.25954574721506,0.5,0.5
2020-11-17,277.67999267578125,273.2900085449219,277.67999267578125,15040300.0,275.0,7.973844467099379,0.5,0.5
2020-11-18,277.3900146484375,271.8399963378906,274.5199890136719,12152900.0,271.9700012207031,8.073817664343641,0.5,0.45
2020-11-19,273.4700012207031,269.19000244140625,271.0199890136719,12963700.0,272.94000244140625,6.204795774642124,0.5,0.4
2020-11-20,273.0,269.4100036621094,272.5599975585937,18114700.0,269.70001220703125,3.04990305570444,0.0,0.35
2020-11-23,270.95001220703125,264.5299987792969,270.8900146484375,20990800.0,268.42999267578125,3.306909319531398,0.5,0.4
2020-11-24,277.82000732421875,267.8699951171875,268.489990234375,16930400.0,276.9200134277344,3.404511000465181,1.0,0.5
2020-11-25,280.17999267578125,272.6499938964844,278.1400146484375,12467000.0,275.5899963378906,3.350741690249362,0.5,0.5
2020-11-27,279.1300048828125,274.82000732421875,277.3900146484375,7808400.0,277.8099975585937,3.5404142134518946,1.0,0.55
2020-11-30,277.70001220703125,271.010009765625,276.0299987792969,16693300.0,276.9700012207031,3.542002255517662,0.5,0.55
2020-12-01,289.29998779296875,278.9599914550781,279.1600036621094,20777900.0,286.54998779296875,5.094001525782092,1.0,0.6
2020-12-02,291.7799987792969,280.8299865722656,285.3599853515625,17361600.0,287.5199890136719,6.410990980934045,0.5,0.6
2020-12-03,286.6499938964844,281.07000732421875,286.25,12921700.0,281.8500061035156,6.406880742034162,0.0,0.55
2020-12-04,283.4599914550781,279.29998779296875,280.29998779296875,10880300.0,279.70001220703125,6.235055318422063,0.5,0.55
2020-12-07,288.489990234375,278.20001220703125,279.19000244140625,13007700.0,285.5799865722656,5.8682688351629535,1.0,0.65
2020-12-08,286.42999267578125,281.54998779296875,286.010009765625,10747700.0,283.3999938964844,4.402468743955237,0.5,0.65
2020-12-09,287.6300048828125,271.75,283.6600036621094,25189700.0,277.9200134277344,4.305004960673646,0.0,0.55
2020-12-10,278.7300109863281,271.8599853515625,275.5400085449219,20065100.0,277.1199951171875,4.102377137499252,0.5,0.55
2020-12-11,276.4800109863281,270.25,274.5299987792969,14391400.0,273.54998779296875,4.699209338520393,0.0,0.45
2020-12-14,277.2200012207031,271.5599975585937,273.3699951171875,16376900.0,274.19000244140625,5.035368219571855,0.5,0.45
2020-12-15,276.0799865722656,267.4700012207031,274.8299865722656,23979500.0,275.54998779296875,4.821601971201764,0.5,0.4
2020-12-16,277.8599853515625,272.510009765625,274.760009765625,15885000.0,275.6700134277344,4.066222979229204,0.5,0.4
2020-12-17,280.44000244140625,273.6099853515625,277.07000732421875,16377800.0,274.4800109863281,4.049977098490627,0.5,0.45
2020-12-18,278.0,271.1400146484375,275.7699890136719,26693200.0,276.3999938964844,4.004544480178311,0.5,0.45
2020-12-21,274.6700134277344,267.7900085449219,272.9800109863281,16553700.0,272.7900085449219,3.017554541301938,0.0,0.35
2020-12-22,271.5,264.6300048828125,271.5,17312900.0,267.0899963378906,3.045355947292483,0.0,0.3
2020-12-23,272.1700134277344,266.2300109863281,266.8900146484375,14329000.0,268.1099853515625,3.374891005643754,0.5,0.35
2020-12-24,270.3999938964844,266.20001220703125,268.8800048828125,6702000.0,267.3999938964844,3.6066240837486263,0.5,0.35
2020-12-28,277.29998779296875,265.6600036621094,268.739990234375,23299700.0,277.0,3.8710925196342973,1.0,0.45
2020-12-29,280.510009765625,276.2799987792969,276.95001220703125,16383000.0,276.7799987792969,4.051795971406661,0.5,0.45
2020-12-30,278.0799865722656,271.7099914550781,277.95001220703125,11803800.0,271.8699951171875,3.9736409847393372,0.0,0.4
2020-12-31,277.0899963378906,269.8099975585937,272.0,12900400.0,273.1600036621094,3.846574119340736,0.5,0.4
2021-01-04,275.0,265.20001220703125,274.7799987792969,15106100.0,268.94000244140625,3.9290624694905936,0.0,0.35
2021-01-05,272.3999938964844,268.2099914550781,268.2900085449219,9871600.0,270.9700012207031,3.6084880330862514,0.5,0.35
2021-01-06,267.75,260.010009765625,262.0,24354100.0,263.3099975585937,4.370712633852778,0.0,0.35
2021-01-07,271.6099853515625,264.7799987792969,265.8999938964844,15789800.0,268.739990234375,4.258945223760304,1.0,0.45
2021-01-08,268.95001220703125,263.17999267578125,268.3099975585937,18528300.0,267.57000732421875,4.297664613248377,0.5,0.45
2021-01-11,263.4700012207031,255.8999938964844,260.4800109863281,30412300.0,256.8399963378906,6.0884814429346585,0.0,0.4
2021-01-12,259.7200012207031,250.3000030517578,256.6300048828125,26449900.0,251.08999633789065,7.818102814538054,0.0,0.3
2021-01-13,253.9499969482422,249.1999969482422,251.5500030517578,19528900.0,251.63999938964844,8.323416600263263,0.5,0.3
2021-01-14,255.02999877929688,244.6100006103516,253.3999938964844,29739400.0,245.63999938964844,9.727000387428493,0.0,0.3
2021-01-15,253.8600006103516,247.16000366210935,247.8999938964844,24942900.0,251.3600006103516,9.330444153462803,1.0,0.35
2021-01-19,262.20001220703125,252.72000122070312,256.8999938964844,28028500.0,261.1000061035156,8.772047125364782,1.0,0.45
2021-01-20,270.32000732421875,263.6000061035156,268.92999267578125,25199900.0,267.4800109863281,8.29147105572824,1.0,0.5
2021-01-21,273.6000061035156,267.489990234375,269.260009765625,20838700.0,272.8699951171875,9.389104264180363,1.0,0.6
2021-01-22,278.4700012207031,272.0,272.010009765625,21954000.0,274.5,10.167891502014834,0.5,0.55
2021-01-25,280.1000061035156,271.510009765625,278.1400146484375,19087000.0,278.010009765625,11.481590529986189,0.5,0.55
2021-01-26,285.3900146484375,277.8099975585937,278.1400146484375,19373600.0,282.04998779296875,13.106452815774164,0.5,0.6
2021-01-27,283.45001220703125,268.1199951171875,282.5299987792969,35346200.0,272.1400146484375,12.557546903122256,0.0,0.6
2021-01-28,286.7900085449219,264.70001220703125,277.17999267578125,37758800.0,265.0,11.569818665846872,0.0,0.55
2021-01-29,266.5599975585937,254.8500061035156,265.29998779296875,30389500.0,258.3299865722656,9.470313284506359,0.0,0.55
2021-02-01,264.1700134277344,254.91000366210935,259.5199890136719,22914300.0,262.010009765625,7.808687521520877,0.5,0.5
2021-02-02,268.8500061035156,263.2699890136719,264.0,17320800.0,267.0799865722656,7.320495486037721,1.0,0.5
2021-02-03,269.20001220703125,263.8399963378906,265.6199951171875,14223400.0,266.6499938964844,7.356193227996748,0.5,0.45
2021-02-04,268.1600036621094,264.0,267.010009765625,16060000.0,266.489990234375,7.3431727781138765,0.5,0.4
2021-02-05,269.1700134277344,265.6700134277344,266.79998779296875,12441700.0,268.1000061035156,7.1075581488068424,0.5,0.4
2021-02-08,269.8599853515625,265.0,268.75,13755200.0,266.5799865722656,6.296418725056856,0.5,0.4
2021-02-09,273.3900146484375,265.75,266.44000244140625,14613400.0,269.45001220703125,3.823784783412119,0.5,0.4
2021-02-10,273.79998779296875,267.7200012207031,272.45001220703125,14687200.0,271.8699951171875,3.7777207824299217,1.0,0.5
2021-02-11,273.5799865722656,268.489990234375,271.8900146484375,12801300.0,270.3900146484375,3.9738859035801237,0.5,0.55
2021-02-12,271.17999267578125,268.3399963378906,270.5199890136719,9069100.0,270.5,2.8248819013795945,0.5,0.6
2021-02-16,276.6000061035156,270.04998779296875,270.79998779296875,15417200.0,273.9700012207031,2.5686438703285592,1.0,0.65
2021-02-17,273.9700012207031,269.5799865722656,271.239990234375,12763200.0,273.57000732421875,2.80804466141828,0.5,0.6
2021-02-18,271.95001220703125,266.0299987792969,269.57000732421875,15249100.0,269.3900146484375,2.5969308663163737,0.0,0.55
2021-02-19,270.2699890136719,260.1499938964844,269.8599853515625,25622600.0,261.5599975585937,3.6130185352822557,0.0,0.5
2021-02-22,263.07000732421875,257.5299987792969,257.95001220703125,17434900.0,260.3299865722656,4.644800509128366,0.5,0.5
2021-02-23,267.4599914550781,254.9600067138672,259.5,21924600.0,265.8599853515625,4.687747320340812,1.0,0.55
2021-02-24,266.3800048828125,258.3900146484375,262.3299865722656,15736100.0,264.3099975585937,4.87316161641011,0.5,0.55
2021-02-25,266.94000244140625,254.0399932861328,262.29998779296875,19053100.0,254.69000244140625,6.257495884156536,0.0,0.45
2021-02-26,265.54998779296875,256.4700012207031,256.4700012207031,26593900.0,257.6199951171875,6.656016681330789,0.5,0.45
2021-03-01,266.6499938964844,257.8999938964844,260.82000732421875,22117000.0,264.9100036621094,6.388954887830879,1.0,0.5
2021-03-02,266.7099914550781,258.6499938964844,265.7799987792969,15151900.0,259.0,5.668140974543094,0.0,0.4
2021-03-03,260.989990234375,255.1000061035156,260.2900085449219,15476700.0,255.41000366210935,4.790713942148514,0.0,0.35
2021-03-04,266.489990234375,253.5,256.4700012207031,31570100.0,257.6400146484375,3.9565323606243203,0.5,0.4
2021-03-05,265.45001220703125,255.6100006103516,260.6700134277344,26808100.0,264.2799987792969,4.154098088633452,1.0,0.5
2021-03-08,265.5799865722656,255.0500030517578,265.54998779296875,18372700.0,255.30999755859372,4.4564829182753085,0.0,0.45
2021-03-09,268.5299987792969,259.8099975585937,261.17999267578125,22018400.0,265.739990234375,4.438787379620008,1.0,0.45
2021-03-10,268.9700012207031,262.8699951171875,268.6400146484375,14197500.0,264.8999938964844,4.507440405046683,0.5,0.45
2021-03-11,277.8999938964844,267.82000732421875,268.1099853515625,21816600.0,273.8800048828125,5.891660899517005,1.0,0.55
2021-03-12,269.739990234375,264.0199890136719,269.1400146484375,20590000.0,268.3999938964844,6.012801247191,0.0,0.5
2021-03-15,275.9599914550781,268.5,269.0799865722656,16844800.0,273.75,6.915529058920358,1.0,0.5
2021-03-16,282.1400146484375,274.79998779296875,276.0799865722656,22178700.0,279.2799987792969,8.196381699121073,1.0,0.6
2021-03-17,286.2300109863281,275.4100036621094,275.7099914550781,21073900.0,284.010009765625,9.0866671172469,1.0,0.7
2021-03-18,285.19000244140625,278.2799987792969,279.8699951171875,18728300.0,278.6199951171875,8.656259734347026,0.0,0.65
2021-03-19,292.79998779296875,281.20001220703125,281.2200012207031,38905100.0,290.1099853515625,10.204278295380602,1.0,0.65
2021-03-22,299.7099914550781,286.75,290.45001220703125,28273100.0,293.5400085449219,9.82832796315282,0.5,0.7
2021-03-23,298.0,289.8099975585937,293.1499938964844,23000900.0,290.6300048828125,9.74851188597309,0.5,0.65
2021-03-24,291.7200012207031,281.1600036621094,291.0,18675000.0,282.1400146484375,8.246745294183615,0.0,0.6
2021-03-25,288.0599975585937,277.75,280.9800109863281,24505600.0,278.739990234375,7.887350750714318,0.5,0.55
2021-03-26,284.5,277.7699890136719,278.29998779296875,17620600.0,283.0199890136719,6.297082378211051,0.5,0.6
2021-03-29,293.17999267578125,284.70001220703125,285.7699890136719,21718800.0,290.82000732421875,5.678624292762624,1.0,0.6
2021-03-30,292.4700012207031,286.70001220703125,289.8299865722656,17474500.0,288.0,5.346979022697958,0.0,0.5
2021-03-31,296.5,288.6099853515625,289.989990234375,19498200.0,294.5299987792969,5.923811949274041,1.0,0.5
2021-04-01,302.3999938964844,296.6000061035156,298.3999938964844,17616000.0,298.6600036621094,6.153533453013488,1.0,0.6
2021-04-05,310.7699890136719,300.67999267578125,300.8900146484375,28237000.0,308.9100036621094,8.818613302665547,1.0,0.6
2021-04-06,311.3500061035156,305.25,308.8399963378906,17335200.0,306.260009765625,10.070403634326922,0.5,0.6
2021-04-07,314.25,305.5,306.3399963378906,22855200.0,313.0899963378906,12.006950698752792,1.0,0.65
2021-04-08,315.8800048828125,310.04998779296875,314.8500061035156,20894100.0,313.0199890136719,12.461011426986852,0.5,0.7
2021-04-09,314.739990234375,310.3299865722656,311.3999938964844,15983000.0,312.4599914550781,11.3299684419524,0.5,0.7
2021-04-12,312.1499938964844,307.92999267578125,311.04998779296875,10881900.0,311.5400085449219,9.825146225565765,0.5,0.7
2021-04-13,314.42999267578125,309.32000732421875,312.2099914550781,14036900.0,309.760009765625,8.835912016419876,0.5,0.65
2021-04-14,308.0299987792969,301.95001220703125,307.29998779296875,17421400.0,302.82000732421875,6.480598524529622,0.0,0.65
2021-04-15,310.1400146484375,304.1000061035156,306.3399963378906,14558300.0,307.82000732421875,4.74577605779131,1.0,0.65
2021-04-16,308.95001220703125,304.6099853515625,308.1700134277344,13054800.0,306.17999267578125,3.4415112031673867,0.5,0.6
2021-04-19,307.70001220703125,300.5599975585937,305.010009765625,14553500.0,302.239990234375,4.086807844165967,0.0,0.5
2021-04-20,305.1000061035156,297.2099914550781,301.989990234375,16796400.0,302.6499938964844,4.451678350982894,0.5,0.5
2021-04-21,301.9800109863281,297.3900146484375,301.95001220703125,14863500.0,301.4700012207031,4.536999022873647,0.5,0.45
2021-04-22,,,,,295.3939763907929,5.296855326753318,0.0,0.4
2021-04-23,,,,,283.90663932274583,7.98323014141814,0.0,0.35
2021-04-24,,,,,270.45091203568154,12.202722745506955,0.0,0.3
2021-04-25,,,,,264.1583120495907,15.505254238660655,0.0,0.25
2021-04-26,,,,,263.06328844607015,17.831944997629982,0.5,0.3
